path,canonicalPath,wpId,wpType,wpStatus,template,authoritativeField,scopeRoles,sources,archetype,targetOwner,disposition,dependencyCount
/,/,8291,people,private,unknown,all-acf-fields,post-reference,posts.4850.acf.all-acf-fields.directors[1],person.public-profile,people,dependency-only,1
/,/,8293,people,private,unknown,all-acf-fields,post-reference,posts.4848.acf.all-acf-fields.directors[2],person.public-profile,people,dependency-only,1
/,/,9071,people,private,unknown,all-acf-fields,post-reference,posts.4850.acf.all-acf-fields.directors[2],person.public-profile,people,dependency-only,0
/,/,10487,product,private,unknown,all-acf-fields,post-reference,posts.10485.acf.all-acf-fields.product|posts.10489.acf.all-acf-fields.product,unknown:product,unresolved,dependency-only,2
/,/,10638,clients,draft,unknown,all-acf-fields,post-reference,posts.10490.acf.sections_new[9].components[2].category.specific[10],unknown:clients,unresolved,dependency-only,0
/,/,1898,page,publish,layouts/default-new.blade.php,sections_new,banner|site-home,posts.4363.acf.all-acf-fields.pages[0]|posts.7597.acf.all-acf-fields.pages[0]|scope.explicitIncludes.1898,page.homepage,pages,included,312
/,/,2207,page,private,layouts/careers.blade.php,all-acf-fields,reference-only,posts.2203.acf.sections_new[0].hero.new_content.buttons[1].new_link,page.homepage,pages,reference-only,0
/?page_id=2207,/,2207,page,private,layouts/careers.blade.php,all-acf-fields,footer,options.footer_new.menu_block[0].menu_items[3].page_link.link,page.homepage,pages,blocked-non-public,0
/acceptable-use-policy/,/legal/acceptable-use-policy/,8635,redirect,publish,redirect-rule,all-acf-fields,redirect,redirect:8635,redirect,redirects,redirect,0
/blog/,/resources/news-events-insights/,8362,redirect,publish,redirect-rule,all-acf-fields,redirect,redirect:8362,redirect,redirects,redirect,0
/brokersandexchanges/globalvision-bts/,/products/broker-trading-system/,8340,redirect,publish,redirect-rule,all-acf-fields,redirect,redirect:8340,redirect,redirects,redirect,0
/brokersandexchanges/globalvision-ets/,/products/exchange-trading-system/,8341,redirect,publish,redirect-rule,all-acf-fields,redirect,redirect:8341,redirect,redirects,redirect,0
/brokersandexchanges/hosted-clearing-links/,/products/hosted-clearing-links/,8342,redirect,publish,redirect-rule,all-acf-fields,redirect,redirect:8342,redirect,redirects,redirect,0
/careers/,/?page_id=2207,8369,redirect,publish,redirect-rule,all-acf-fields,redirect,redirect:8369,redirect,redirects,redirect,0
/clients/10234/,/clients/10234/,10234,clients,publish,unknown,all-acf-fields,component-listing|post-reference,posts.10490.acf.sections_new[4].columns[1].components[0]|posts.10490.acf.sections_new[4].columns[1].components[0].category.specific[13]|posts.10490.acf.sections_new[5].columns[1].components[0]|posts.10490.acf.sections_new[6].columns[1].components[0]|posts.10490.acf.sections_new[7].columns[1].components[0]|posts.10490.acf.sections_new[8].columns[1].components[0]|posts.10490.acf.sections_new[9].components[2]|posts.1898.acf.sections_new[8].components[2]|posts.1940.acf.sections_new[4].columns[0].components[1],unknown:clients,unresolved,dependency-only,1
/clients/42-financial/,/clients/42-financial/,3099,clients,publish,unknown,all-acf-fields,component-listing|post-reference,posts.10490.acf.sections_new[4].columns[1].components[0]|posts.10490.acf.sections_new[5].columns[1].components[0]|posts.10490.acf.sections_new[6].columns[1].components[0]|posts.10490.acf.sections_new[7].columns[1].components[0]|posts.10490.acf.sections_new[8].columns[1].components[0]|posts.10490.acf.sections_new[9].components[2]|posts.1898.acf.sections_new[8].components[2]|posts.1898.acf.sections_new[8].components[2].category.specific[0]|posts.1940.acf.sections_new[4].columns[0].components[1],unknown:clients,unresolved,dependency-only,1
/clients/7813/,/clients/7813/,7813,clients,publish,unknown,all-acf-fields,component-listing|post-reference,posts.10490.acf.sections_new[4].columns[1].components[0]|posts.10490.acf.sections_new[5].columns[1].components[0]|posts.10490.acf.sections_new[6].columns[1].components[0]|posts.10490.acf.sections_new[6].columns[1].components[0].category.specific[1]|posts.10490.acf.sections_new[7].columns[1].components[0]|posts.10490.acf.sections_new[8].columns[1].components[0]|posts.10490.acf.sections_new[9].components[2]|posts.1898.acf.sections_new[8].components[2]|posts.1940.acf.sections_new[4].columns[0].components[1],unknown:clients,unresolved,dependency-only,1
/clients/abaxx/,/clients/abaxx/,11655,clients,publish,unknown,all-acf-fields,component-listing,posts.10490.acf.sections_new[4].columns[1].components[0]|posts.10490.acf.sections_new[5].columns[1].components[0]|posts.10490.acf.sections_new[6].columns[1].components[0]|posts.10490.acf.sections_new[7].columns[1].components[0]|posts.10490.acf.sections_new[8].columns[1].components[0]|posts.10490.acf.sections_new[9].components[2]|posts.1898.acf.sections_new[8].components[2]|posts.1940.acf.sections_new[4].columns[0].components[1],unknown:clients,unresolved,dependency-only,1
/clients/advanced-technology-solutions/,/clients/advanced-technology-solutions/,10633,clients,publish,unknown,all-acf-fields,component-listing|post-reference,posts.10490.acf.sections_new[4].columns[1].components[0]|posts.10490.acf.sections_new[5].columns[1].components[0]|posts.10490.acf.sections_new[6].columns[1].components[0]|posts.10490.acf.sections_new[7].columns[1].components[0]|posts.10490.acf.sections_new[8].columns[1].components[0]|posts.10490.acf.sections_new[9].components[2]|posts.10490.acf.sections_new[9].components[2].category.specific[0]|posts.1898.acf.sections_new[8].components[2]|posts.1940.acf.sections_new[4].columns[0].components[1],unknown:clients,unresolved,dependency-only,0
/clients/allegro/,/clients/allegro/,7817,clients,publish,unknown,all-acf-fields,component-listing|post-reference,posts.10490.acf.sections_new[4].columns[1].components[0]|posts.10490.acf.sections_new[4].columns[1].components[0].category.specific[6]|posts.10490.acf.sections_new[5].columns[1].components[0]|posts.10490.acf.sections_new[6].columns[1].components[0]|posts.10490.acf.sections_new[7].columns[1].components[0]|posts.10490.acf.sections_new[8].columns[1].components[0]|posts.10490.acf.sections_new[9].components[2]|posts.1898.acf.sections_new[8].components[2]|posts.1940.acf.sections_new[4].columns[0].components[1],unknown:clients,unresolved,dependency-only,1
/clients/alpiq/,/clients/alpiq/,8566,clients,publish,unknown,all-acf-fields,component-listing|post-reference,posts.10490.acf.sections_new[4].columns[1].components[0]|posts.10490.acf.sections_new[5].columns[1].components[0]|posts.10490.acf.sections_new[6].columns[1].components[0]|posts.10490.acf.sections_new[7].columns[1].components[0]|posts.10490.acf.sections_new[8].columns[1].components[0]|posts.10490.acf.sections_new[9].components[2]|posts.1898.acf.sections_new[8].components[2]|posts.1898.acf.sections_new[8].components[2].category.specific[1]|posts.1940.acf.sections_new[4].columns[0].components[1],unknown:clients,unresolved,dependency-only,1
/clients/australian-energy-market-operator-aemo/,/clients/australian-energy-market-operator-aemo/,8606,clients,publish,unknown,all-acf-fields,component-listing,posts.10490.acf.sections_new[4].columns[1].components[0]|posts.10490.acf.sections_new[5].columns[1].components[0]|posts.10490.acf.sections_new[6].columns[1].components[0]|posts.10490.acf.sections_new[7].columns[1].components[0]|posts.10490.acf.sections_new[8].columns[1].components[0]|posts.10490.acf.sections_new[9].components[2]|posts.1898.acf.sections_new[8].components[2]|posts.1940.acf.sections_new[4].columns[0].components[1],unknown:clients,unresolved,dependency-only,1
/clients/balkan-gas-hub/,/clients/balkan-gas-hub/,8607,clients,publish,unknown,all-acf-fields,component-listing,posts.10490.acf.sections_new[4].columns[1].components[0]|posts.10490.acf.sections_new[5].columns[1].components[0]|posts.10490.acf.sections_new[6].columns[1].components[0]|posts.10490.acf.sections_new[7].columns[1].components[0]|posts.10490.acf.sections_new[8].columns[1].components[0]|posts.10490.acf.sections_new[9].components[2]|posts.1898.acf.sections_new[8].components[2]|posts.1940.acf.sections_new[4].columns[0].components[1],unknown:clients,unresolved,dependency-only,1
/clients/beacon/,/clients/beacon/,7818,clients,publish,unknown,all-acf-fields,component-listing|post-reference,posts.10490.acf.sections_new[4].columns[1].components[0]|posts.10490.acf.sections_new[4].columns[1].components[0].category.specific[0]|posts.10490.acf.sections_new[5].columns[1].components[0]|posts.10490.acf.sections_new[6].columns[1].components[0]|posts.10490.acf.sections_new[7].columns[1].components[0]|posts.10490.acf.sections_new[8].columns[1].components[0]|posts.10490.acf.sections_new[9].components[2]|posts.1898.acf.sections_new[8].components[2]|posts.1940.acf.sections_new[4].columns[0].components[1],unknown:clients,unresolved,dependency-only,1
/clients/bgc/,/clients/bgc/,8764,clients,publish,unknown,all-acf-fields,component-listing|post-reference,posts.10490.acf.sections_new[4].columns[1].components[0]|posts.10490.acf.sections_new[5].columns[1].components[0]|posts.10490.acf.sections_new[6].columns[1].components[0]|posts.10490.acf.sections_new[7].columns[1].components[0]|posts.10490.acf.sections_new[8].columns[1].components[0]|posts.10490.acf.sections_new[9].components[2]|posts.1898.acf.sections_new[8].components[2]|posts.1898.acf.sections_new[8].components[2].category.specific[2]|posts.1940.acf.sections_new[4].columns[0].components[1],unknown:clients,unresolved,dependency-only,1
/clients/bizmatica/,/clients/bizmatica/,7827,clients,publish,unknown,all-acf-fields,component-listing,posts.10490.acf.sections_new[4].columns[1].components[0]|posts.10490.acf.sections_new[5].columns[1].components[0]|posts.10490.acf.sections_new[6].columns[1].components[0]|posts.10490.acf.sections_new[7].columns[1].components[0]|posts.10490.acf.sections_new[8].columns[1].components[0]|posts.10490.acf.sections_new[9].components[2]|posts.1898.acf.sections_new[8].components[2]|posts.1940.acf.sections_new[4].columns[0].components[1],unknown:clients,unresolved,dependency-only,1
/clients/borntech-crosscheck/,/clients/borntech-crosscheck/,10687,clients,publish,unknown,all-acf-fields,component-listing|post-reference,posts.10490.acf.sections_new[4].columns[1].components[0]|posts.10490.acf.sections_new[5].columns[1].components[0]|posts.10490.acf.sections_new[5].columns[1].components[0].category.specific[0]|posts.10490.acf.sections_new[6].columns[1].components[0]|posts.10490.acf.sections_new[7].columns[1].components[0]|posts.10490.acf.sections_new[8].columns[1].components[0]|posts.10490.acf.sections_new[9].components[2]|posts.1898.acf.sections_new[8].components[2]|posts.1940.acf.sections_new[4].columns[0].components[1],unknown:clients,unresolved,dependency-only,0
/clients/brady-technologies/,/clients/brady-technologies/,7819,clients,publish,unknown,all-acf-fields,component-listing|post-reference,posts.10490.acf.sections_new[4].columns[1].components[0]|posts.10490.acf.sections_new[4].columns[1].components[0].category.specific[1]|posts.10490.acf.sections_new[5].columns[1].components[0]|posts.10490.acf.sections_new[6].columns[1].components[0]|posts.10490.acf.sections_new[7].columns[1].components[0]|posts.10490.acf.sections_new[8].columns[1].components[0]|posts.10490.acf.sections_new[9].components[2]|posts.1898.acf.sections_new[8].components[2]|posts.1940.acf.sections_new[4].columns[0].components[1],unknown:clients,unresolved,dependency-only,1
/clients/braemer/,/clients/braemer/,8765,clients,publish,unknown,all-acf-fields,component-listing|post-reference,posts.10490.acf.sections_new[4].columns[1].components[0]|posts.10490.acf.sections_new[5].columns[1].components[0]|posts.10490.acf.sections_new[6].columns[1].components[0]|posts.10490.acf.sections_new[7].columns[1].components[0]|posts.10490.acf.sections_new[8].columns[1].components[0]|posts.10490.acf.sections_new[9].components[2]|posts.1898.acf.sections_new[8].components[2]|posts.1898.acf.sections_new[8].components[2].category.specific[3]|posts.1940.acf.sections_new[4].columns[0].components[1],unknown:clients,unresolved,dependency-only,1
/clients/broadpeak/,/clients/broadpeak/,10644,clients,publish,unknown,all-acf-fields,component-listing|post-reference,posts.10490.acf.sections_new[4].columns[1].components[0]|posts.10490.acf.sections_new[5].columns[1].components[0]|posts.10490.acf.sections_new[6].columns[1].components[0]|posts.10490.acf.sections_new[7].columns[1].components[0]|posts.10490.acf.sections_new[8].columns[1].components[0]|posts.10490.acf.sections_new[9].components[2]|posts.10490.acf.sections_new[9].components[2].category.specific[1]|posts.1898.acf.sections_new[8].components[2]|posts.1940.acf.sections_new[4].columns[0].components[1],unknown:clients,unresolved,dependency-only,0
/clients/catalyst/,/clients/catalyst/,10542,clients,publish,unknown,all-acf-fields,component-listing|post-reference,posts.10490.acf.sections_new[4].columns[1].components[0]|posts.10490.acf.sections_new[4].columns[1].components[0].category.specific[2]|posts.10490.acf.sections_new[5].columns[1].components[0]|posts.10490.acf.sections_new[6].columns[1].components[0]|posts.10490.acf.sections_new[7].columns[1].components[0]|posts.10490.acf.sections_new[8].columns[1].components[0]|posts.10490.acf.sections_new[9].components[2]|posts.1898.acf.sections_new[8].components[2]|posts.1940.acf.sections_new[4].columns[0].components[1],unknown:clients,unresolved,dependency-only,1
/clients/ceegex/,/clients/ceegex/,8609,clients,publish,unknown,all-acf-fields,component-listing,posts.10490.acf.sections_new[4].columns[1].components[0]|posts.10490.acf.sections_new[5].columns[1].components[0]|posts.10490.acf.sections_new[6].columns[1].components[0]|posts.10490.acf.sections_new[7].columns[1].components[0]|posts.10490.acf.sections_new[8].columns[1].components[0]|posts.10490.acf.sections_new[9].components[2]|posts.1898.acf.sections_new[8].components[2]|posts.1940.acf.sections_new[4].columns[0].components[1],unknown:clients,unresolved,dependency-only,1
/clients/cme-group-2/,/clients/cme-group-2/,8616,clients,publish,unknown,all-acf-fields,component-listing,posts.10490.acf.sections_new[4].columns[1].components[0]|posts.10490.acf.sections_new[5].columns[1].components[0]|posts.10490.acf.sections_new[6].columns[1].components[0]|posts.10490.acf.sections_new[7].columns[1].components[0]|posts.10490.acf.sections_new[8].columns[1].components[0]|posts.10490.acf.sections_new[9].components[2]|posts.1898.acf.sections_new[8].components[2]|posts.1940.acf.sections_new[4].columns[0].components[1],unknown:clients,unresolved,dependency-only,1
/clients/cme-group/,/clients/cme-group/,4444,clients,publish,unknown,all-acf-fields,component-listing|post-reference,posts.10490.acf.sections_new[4].columns[1].components[0]|posts.10490.acf.sections_new[5].columns[1].components[0]|posts.10490.acf.sections_new[6].columns[1].components[0]|posts.10490.acf.sections_new[7].columns[1].components[0]|posts.10490.acf.sections_new[8].columns[1].components[0]|posts.10490.acf.sections_new[9].components[2]|posts.1898.acf.sections_new[8].components[2]|posts.1898.acf.sections_new[8].components[2].category.specific[4]|posts.1940.acf.sections_new[4].columns[0].components[1],unknown:clients,unresolved,dependency-only,1
/clients/cubelogic/,/clients/cubelogic/,7828,clients,publish,unknown,all-acf-fields,component-listing|post-reference,posts.10490.acf.sections_new[4].columns[1].components[0]|posts.10490.acf.sections_new[5].columns[1].components[0]|posts.10490.acf.sections_new[5].columns[1].components[0].category.specific[1]|posts.10490.acf.sections_new[6].columns[1].components[0]|posts.10490.acf.sections_new[7].columns[1].components[0]|posts.10490.acf.sections_new[8].columns[1].components[0]|posts.10490.acf.sections_new[9].components[2]|posts.1898.acf.sections_new[8].components[2]|posts.1940.acf.sections_new[4].columns[0].components[1],unknown:clients,unresolved,dependency-only,1
/clients/decision-trees/,/clients/decision-trees/,7815,clients,publish,unknown,all-acf-fields,component-listing,posts.10490.acf.sections_new[4].columns[1].components[0]|posts.10490.acf.sections_new[5].columns[1].components[0]|posts.10490.acf.sections_new[6].columns[1].components[0]|posts.10490.acf.sections_new[7].columns[1].components[0]|posts.10490.acf.sections_new[8].columns[1].components[0]|posts.10490.acf.sections_new[9].components[2]|posts.1898.acf.sections_new[8].components[2]|posts.1940.acf.sections_new[4].columns[0].components[1],unknown:clients,unresolved,dependency-only,1
/clients/deltaconx/,/clients/deltaconx/,7829,clients,publish,unknown,all-acf-fields,component-listing,posts.10490.acf.sections_new[4].columns[1].components[0]|posts.10490.acf.sections_new[5].columns[1].components[0]|posts.10490.acf.sections_new[6].columns[1].components[0]|posts.10490.acf.sections_new[7].columns[1].components[0]|posts.10490.acf.sections_new[8].columns[1].components[0]|posts.10490.acf.sections_new[9].components[2]|posts.1898.acf.sections_new[8].components[2]|posts.1940.acf.sections_new[4].columns[0].components[1],unknown:clients,unresolved,dependency-only,1
/clients/deltix/,/clients/deltix/,7830,clients,publish,unknown,all-acf-fields,component-listing|post-reference,posts.10490.acf.sections_new[4].columns[1].components[0]|posts.10490.acf.sections_new[5].columns[1].components[0]|posts.10490.acf.sections_new[6].columns[1].components[0]|posts.10490.acf.sections_new[6].columns[1].components[0].category.specific[0]|posts.10490.acf.sections_new[7].columns[1].components[0]|posts.10490.acf.sections_new[8].columns[1].components[0]|posts.10490.acf.sections_new[9].components[2]|posts.1898.acf.sections_new[8].components[2]|posts.1940.acf.sections_new[4].columns[0].components[1],unknown:clients,unresolved,dependency-only,1
/clients/e-on/,/clients/e-on/,8569,clients,publish,unknown,all-acf-fields,component-listing|post-reference,posts.10490.acf.sections_new[4].columns[1].components[0]|posts.10490.acf.sections_new[5].columns[1].components[0]|posts.10490.acf.sections_new[6].columns[1].components[0]|posts.10490.acf.sections_new[7].columns[1].components[0]|posts.10490.acf.sections_new[8].columns[1].components[0]|posts.10490.acf.sections_new[9].components[2]|posts.1898.acf.sections_new[8].components[2]|posts.1898.acf.sections_new[8].components[2].category.specific[5]|posts.1940.acf.sections_new[4].columns[0].components[1],unknown:clients,unresolved,dependency-only,1
/clients/e%c2%b7opt/,/clients/e%c2%b7opt/,7822,clients,publish,unknown,all-acf-fields,component-listing|post-reference,posts.10490.acf.sections_new[4].columns[1].components[0]|posts.10490.acf.sections_new[5].columns[1].components[0]|posts.10490.acf.sections_new[6].columns[1].components[0]|posts.10490.acf.sections_new[7].columns[1].components[0]|posts.10490.acf.sections_new[8].columns[1].components[0]|posts.10490.acf.sections_new[9].components[2]|posts.10490.acf.sections_new[9].components[2].category.specific[2]|posts.1898.acf.sections_new[8].components[2]|posts.1940.acf.sections_new[4].columns[0].components[1],unknown:clients,unresolved,dependency-only,1
/clients/eex-spot/,/clients/eex-spot/,8608,clients,publish,unknown,all-acf-fields,component-listing,posts.10490.acf.sections_new[4].columns[1].components[0]|posts.10490.acf.sections_new[5].columns[1].components[0]|posts.10490.acf.sections_new[6].columns[1].components[0]|posts.10490.acf.sections_new[7].columns[1].components[0]|posts.10490.acf.sections_new[8].columns[1].components[0]|posts.10490.acf.sections_new[9].components[2]|posts.1898.acf.sections_new[8].components[2]|posts.1940.acf.sections_new[4].columns[0].components[1],unknown:clients,unresolved,dependency-only,1
/clients/eex/,/clients/eex/,4443,clients,publish,unknown,all-acf-fields,component-listing|post-reference,posts.10490.acf.sections_new[4].columns[1].components[0]|posts.10490.acf.sections_new[5].columns[1].components[0]|posts.10490.acf.sections_new[6].columns[1].components[0]|posts.10490.acf.sections_new[7].columns[1].components[0]|posts.10490.acf.sections_new[8].columns[1].components[0]|posts.10490.acf.sections_new[9].components[2]|posts.1898.acf.sections_new[8].components[2]|posts.1898.acf.sections_new[8].components[2].category.specific[6]|posts.1940.acf.sections_new[4].columns[0].components[1],unknown:clients,unresolved,dependency-only,1
/clients/enbw/,/clients/enbw/,8567,clients,publish,unknown,all-acf-fields,component-listing|post-reference,posts.10490.acf.sections_new[4].columns[1].components[0]|posts.10490.acf.sections_new[5].columns[1].components[0]|posts.10490.acf.sections_new[6].columns[1].components[0]|posts.10490.acf.sections_new[7].columns[1].components[0]|posts.10490.acf.sections_new[8].columns[1].components[0]|posts.10490.acf.sections_new[9].components[2]|posts.1898.acf.sections_new[8].components[2]|posts.1898.acf.sections_new[8].components[2].category.specific[7]|posts.1940.acf.sections_new[4].columns[0].components[1],unknown:clients,unresolved,dependency-only,1
/clients/enel/,/clients/enel/,8570,clients,publish,unknown,all-acf-fields,component-listing|post-reference,posts.10490.acf.sections_new[4].columns[1].components[0]|posts.10490.acf.sections_new[5].columns[1].components[0]|posts.10490.acf.sections_new[6].columns[1].components[0]|posts.10490.acf.sections_new[7].columns[1].components[0]|posts.10490.acf.sections_new[8].columns[1].components[0]|posts.10490.acf.sections_new[9].components[2]|posts.1898.acf.sections_new[8].components[2]|posts.1898.acf.sections_new[8].components[2].category.specific[8]|posts.1940.acf.sections_new[4].columns[0].components[1],unknown:clients,unresolved,dependency-only,1
/clients/energy-one/,/clients/energy-one/,7820,clients,publish,unknown,all-acf-fields,component-listing|post-reference,posts.10490.acf.sections_new[4].columns[1].components[0]|posts.10490.acf.sections_new[4].columns[1].components[0].category.specific[3]|posts.10490.acf.sections_new[5].columns[1].components[0]|posts.10490.acf.sections_new[6].columns[1].components[0]|posts.10490.acf.sections_new[7].columns[1].components[0]|posts.10490.acf.sections_new[8].columns[1].components[0]|posts.10490.acf.sections_new[9].components[2]|posts.1898.acf.sections_new[8].components[2]|posts.1940.acf.sections_new[4].columns[0].components[1],unknown:clients,unresolved,dependency-only,1
/clients/enuit/,/clients/enuit/,7821,clients,publish,unknown,all-acf-fields,component-listing|post-reference,posts.10490.acf.sections_new[4].columns[1].components[0]|posts.10490.acf.sections_new[4].columns[1].components[0].category.specific[4]|posts.10490.acf.sections_new[5].columns[1].components[0]|posts.10490.acf.sections_new[6].columns[1].components[0]|posts.10490.acf.sections_new[7].columns[1].components[0]|posts.10490.acf.sections_new[8].columns[1].components[0]|posts.10490.acf.sections_new[9].components[2]|posts.1898.acf.sections_new[8].components[2]|posts.1940.acf.sections_new[4].columns[0].components[1],unknown:clients,unresolved,dependency-only,1
/clients/etrmservices/,/clients/etrmservices/,7823,clients,publish,unknown,all-acf-fields,component-listing|post-reference,posts.10490.acf.sections_new[4].columns[1].components[0]|posts.10490.acf.sections_new[4].columns[1].components[0].category.specific[5]|posts.10490.acf.sections_new[5].columns[1].components[0]|posts.10490.acf.sections_new[6].columns[1].components[0]|posts.10490.acf.sections_new[7].columns[1].components[0]|posts.10490.acf.sections_new[8].columns[1].components[0]|posts.10490.acf.sections_new[9].components[2]|posts.1898.acf.sections_new[8].components[2]|posts.1940.acf.sections_new[4].columns[0].components[1],unknown:clients,unresolved,dependency-only,1
/clients/euronext/,/clients/euronext/,11440,clients,publish,unknown,all-acf-fields,component-listing,posts.10490.acf.sections_new[4].columns[1].components[0]|posts.10490.acf.sections_new[5].columns[1].components[0]|posts.10490.acf.sections_new[6].columns[1].components[0]|posts.10490.acf.sections_new[7].columns[1].components[0]|posts.10490.acf.sections_new[8].columns[1].components[0]|posts.10490.acf.sections_new[9].components[2]|posts.1898.acf.sections_new[8].components[2]|posts.1940.acf.sections_new[4].columns[0].components[1],unknown:clients,unresolved,dependency-only,1
/clients/eventus-systems/,/clients/eventus-systems/,7831,clients,publish,unknown,all-acf-fields,component-listing,posts.10490.acf.sections_new[4].columns[1].components[0]|posts.10490.acf.sections_new[5].columns[1].components[0]|posts.10490.acf.sections_new[6].columns[1].components[0]|posts.10490.acf.sections_new[7].columns[1].components[0]|posts.10490.acf.sections_new[8].columns[1].components[0]|posts.10490.acf.sections_new[9].components[2]|posts.1898.acf.sections_new[8].components[2]|posts.1940.acf.sections_new[4].columns[0].components[1],unknown:clients,unresolved,dependency-only,1
/clients/evolution/,/clients/evolution/,4447,clients,publish,unknown,all-acf-fields,component-listing|post-reference,posts.10490.acf.sections_new[4].columns[1].components[0]|posts.10490.acf.sections_new[5].columns[1].components[0]|posts.10490.acf.sections_new[6].columns[1].components[0]|posts.10490.acf.sections_new[7].columns[1].components[0]|posts.10490.acf.sections_new[8].columns[1].components[0]|posts.10490.acf.sections_new[9].components[2]|posts.1898.acf.sections_new[8].components[2]|posts.1898.acf.sections_new[8].components[2].category.specific[9]|posts.1940.acf.sections_new[4].columns[0].components[1],unknown:clients,unresolved,dependency-only,1
/clients/example-csp/,/clients/example-csp/,7745,clients,publish,unknown,all-acf-fields,component-listing,posts.10490.acf.sections_new[4].columns[1].components[0]|posts.10490.acf.sections_new[5].columns[1].components[0]|posts.10490.acf.sections_new[6].columns[1].components[0]|posts.10490.acf.sections_new[7].columns[1].components[0]|posts.10490.acf.sections_new[8].columns[1].components[0]|posts.10490.acf.sections_new[9].components[2]|posts.1898.acf.sections_new[8].components[2]|posts.1940.acf.sections_new[4].columns[0].components[1],unknown:clients,unresolved,dependency-only,1
/clients/fis/,/clients/fis/,10635,clients,publish,unknown,all-acf-fields,component-listing|post-reference,posts.10490.acf.sections_new[4].columns[1].components[0]|posts.10490.acf.sections_new[5].columns[1].components[0]|posts.10490.acf.sections_new[6].columns[1].components[0]|posts.10490.acf.sections_new[7].columns[1].components[0]|posts.10490.acf.sections_new[8].columns[1].components[0]|posts.10490.acf.sections_new[9].components[2]|posts.10490.acf.sections_new[9].components[2].category.specific[3]|posts.1898.acf.sections_new[8].components[2]|posts.1940.acf.sections_new[4].columns[0].components[1],unknown:clients,unresolved,dependency-only,0
/clients/forrs/,/clients/forrs/,7816,clients,publish,unknown,all-acf-fields,component-listing,posts.10490.acf.sections_new[4].columns[1].components[0]|posts.10490.acf.sections_new[5].columns[1].components[0]|posts.10490.acf.sections_new[6].columns[1].components[0]|posts.10490.acf.sections_new[7].columns[1].components[0]|posts.10490.acf.sections_new[8].columns[1].components[0]|posts.10490.acf.sections_new[9].components[2]|posts.1898.acf.sections_new[8].components[2]|posts.1940.acf.sections_new[4].columns[0].components[1],unknown:clients,unresolved,dependency-only,1
/clients/gfi/,/clients/gfi/,8766,clients,publish,unknown,all-acf-fields,component-listing|post-reference,posts.10490.acf.sections_new[4].columns[1].components[0]|posts.10490.acf.sections_new[5].columns[1].components[0]|posts.10490.acf.sections_new[6].columns[1].components[0]|posts.10490.acf.sections_new[7].columns[1].components[0]|posts.10490.acf.sections_new[8].columns[1].components[0]|posts.10490.acf.sections_new[9].components[2]|posts.1898.acf.sections_new[8].components[2]|posts.1898.acf.sections_new[8].components[2].category.specific[10]|posts.1940.acf.sections_new[4].columns[0].components[1],unknown:clients,unresolved,dependency-only,1
/clients/gme/,/clients/gme/,8611,clients,publish,unknown,all-acf-fields,component-listing,posts.10490.acf.sections_new[4].columns[1].components[0]|posts.10490.acf.sections_new[5].columns[1].components[0]|posts.10490.acf.sections_new[6].columns[1].components[0]|posts.10490.acf.sections_new[7].columns[1].components[0]|posts.10490.acf.sections_new[8].columns[1].components[0]|posts.10490.acf.sections_new[9].components[2]|posts.1898.acf.sections_new[8].components[2]|posts.1940.acf.sections_new[4].columns[0].components[1],unknown:clients,unresolved,dependency-only,1
/clients/griffin-markets/,/clients/griffin-markets/,4446,clients,publish,unknown,all-acf-fields,component-listing|post-reference,posts.10490.acf.sections_new[4].columns[1].components[0]|posts.10490.acf.sections_new[5].columns[1].components[0]|posts.10490.acf.sections_new[6].columns[1].components[0]|posts.10490.acf.sections_new[7].columns[1].components[0]|posts.10490.acf.sections_new[8].columns[1].components[0]|posts.10490.acf.sections_new[9].components[2]|posts.1898.acf.sections_new[8].components[2]|posts.1898.acf.sections_new[8].components[2].category.specific[11]|posts.1940.acf.sections_new[4].columns[0].components[1],unknown:clients,unresolved,dependency-only,1
/clients/hartree/,/clients/hartree/,8563,clients,publish,unknown,all-acf-fields,component-listing|post-reference,posts.10490.acf.sections_new[4].columns[1].components[0]|posts.10490.acf.sections_new[5].columns[1].components[0]|posts.10490.acf.sections_new[6].columns[1].components[0]|posts.10490.acf.sections_new[7].columns[1].components[0]|posts.10490.acf.sections_new[8].columns[1].components[0]|posts.10490.acf.sections_new[9].components[2]|posts.1898.acf.sections_new[8].components[2]|posts.1898.acf.sections_new[8].components[2].category.specific[12]|posts.1940.acf.sections_new[4].columns[0].components[1],unknown:clients,unresolved,dependency-only,1
/clients/hedgefacts/,/clients/hedgefacts/,11529,clients,publish,unknown,all-acf-fields,component-listing|post-reference,posts.10490.acf.sections_new[4].columns[1].components[0]|posts.10490.acf.sections_new[5].columns[1].components[0]|posts.10490.acf.sections_new[6].columns[1].components[0]|posts.10490.acf.sections_new[7].columns[1].components[0]|posts.10490.acf.sections_new[8].columns[1].components[0]|posts.10490.acf.sections_new[9].components[2]|posts.10490.acf.sections_new[9].components[2].category.specific[4]|posts.1898.acf.sections_new[8].components[2]|posts.1940.acf.sections_new[4].columns[0].components[1],unknown:clients,unresolved,dependency-only,0
/clients/hitachi-energy/,/clients/hitachi-energy/,10636,clients,publish,unknown,all-acf-fields,component-listing|post-reference,posts.10490.acf.sections_new[4].columns[1].components[0]|posts.10490.acf.sections_new[5].columns[1].components[0]|posts.10490.acf.sections_new[6].columns[1].components[0]|posts.10490.acf.sections_new[7].columns[1].components[0]|posts.10490.acf.sections_new[8].columns[1].components[0]|posts.10490.acf.sections_new[9].components[2]|posts.10490.acf.sections_new[9].components[2].category.specific[5]|posts.1898.acf.sections_new[8].components[2]|posts.1940.acf.sections_new[4].columns[0].components[1],unknown:clients,unresolved,dependency-only,0
/clients/icap/,/clients/icap/,4445,clients,publish,unknown,all-acf-fields,component-listing|post-reference,posts.10490.acf.sections_new[4].columns[1].components[0]|posts.10490.acf.sections_new[5].columns[1].components[0]|posts.10490.acf.sections_new[6].columns[1].components[0]|posts.10490.acf.sections_new[7].columns[1].components[0]|posts.10490.acf.sections_new[8].columns[1].components[0]|posts.10490.acf.sections_new[9].components[2]|posts.1898.acf.sections_new[8].components[2]|posts.1898.acf.sections_new[8].components[2].category.specific[13]|posts.1940.acf.sections_new[4].columns[0].components[1],unknown:clients,unresolved,dependency-only,1
/clients/ice-endex/,/clients/ice-endex/,8615,clients,publish,unknown,all-acf-fields,component-listing,posts.10490.acf.sections_new[4].columns[1].components[0]|posts.10490.acf.sections_new[5].columns[1].components[0]|posts.10490.acf.sections_new[6].columns[1].components[0]|posts.10490.acf.sections_new[7].columns[1].components[0]|posts.10490.acf.sections_new[8].columns[1].components[0]|posts.10490.acf.sections_new[9].components[2]|posts.1898.acf.sections_new[8].components[2]|posts.1940.acf.sections_new[4].columns[0].components[1],unknown:clients,unresolved,dependency-only,1
/clients/icis/,/clients/icis/,7826,clients,publish,unknown,all-acf-fields,component-listing,posts.10490.acf.sections_new[4].columns[1].components[0]|posts.10490.acf.sections_new[5].columns[1].components[0]|posts.10490.acf.sections_new[6].columns[1].components[0]|posts.10490.acf.sections_new[7].columns[1].components[0]|posts.10490.acf.sections_new[8].columns[1].components[0]|posts.10490.acf.sections_new[9].components[2]|posts.1898.acf.sections_new[8].components[2]|posts.1940.acf.sections_new[4].columns[0].components[1],unknown:clients,unresolved,dependency-only,1
/clients/ignite/,/clients/ignite/,10637,clients,publish,unknown,all-acf-fields,component-listing|post-reference,posts.10490.acf.sections_new[4].columns[1].components[0]|posts.10490.acf.sections_new[5].columns[1].components[0]|posts.10490.acf.sections_new[6].columns[1].components[0]|posts.10490.acf.sections_new[7].columns[1].components[0]|posts.10490.acf.sections_new[8].columns[1].components[0]|posts.10490.acf.sections_new[9].components[2]|posts.10490.acf.sections_new[9].components[2].category.specific[6]|posts.1898.acf.sections_new[8].components[2]|posts.1940.acf.sections_new[4].columns[0].components[1],unknown:clients,unresolved,dependency-only,0
/clients/in-commodities/,/clients/in-commodities/,8564,clients,publish,unknown,all-acf-fields,component-listing|post-reference,posts.10490.acf.sections_new[4].columns[1].components[0]|posts.10490.acf.sections_new[5].columns[1].components[0]|posts.10490.acf.sections_new[6].columns[1].components[0]|posts.10490.acf.sections_new[7].columns[1].components[0]|posts.10490.acf.sections_new[8].columns[1].components[0]|posts.10490.acf.sections_new[9].components[2]|posts.1898.acf.sections_new[8].components[2]|posts.1898.acf.sections_new[8].components[2].category.specific[14]|posts.1940.acf.sections_new[4].columns[0].components[1],unknown:clients,unresolved,dependency-only,1
/clients/innovez/,/clients/innovez/,10643,clients,publish,unknown,all-acf-fields,component-listing,posts.10490.acf.sections_new[4].columns[1].components[0]|posts.10490.acf.sections_new[5].columns[1].components[0]|posts.10490.acf.sections_new[6].columns[1].components[0]|posts.10490.acf.sections_new[7].columns[1].components[0]|posts.10490.acf.sections_new[8].columns[1].components[0]|posts.10490.acf.sections_new[9].components[2]|posts.1898.acf.sections_new[8].components[2]|posts.1940.acf.sections_new[4].columns[0].components[1],unknown:clients,unresolved,dependency-only,0
/clients/ion-aspect/,/clients/ion-aspect/,10680,clients,publish,unknown,all-acf-fields,component-listing|post-reference,posts.10490.acf.sections_new[4].columns[1].components[0]|posts.10490.acf.sections_new[4].columns[1].components[0].category.specific[7]|posts.10490.acf.sections_new[5].columns[1].components[0]|posts.10490.acf.sections_new[6].columns[1].components[0]|posts.10490.acf.sections_new[7].columns[1].components[0]|posts.10490.acf.sections_new[8].columns[1].components[0]|posts.10490.acf.sections_new[9].components[2]|posts.1898.acf.sections_new[8].components[2]|posts.1940.acf.sections_new[4].columns[0].components[1],unknown:clients,unresolved,dependency-only,0
/clients/ion-triplepoint/,/clients/ion-triplepoint/,10683,clients,publish,unknown,all-acf-fields,component-listing|post-reference,posts.10490.acf.sections_new[4].columns[1].components[0]|posts.10490.acf.sections_new[4].columns[1].components[0].category.specific[8]|posts.10490.acf.sections_new[5].columns[1].components[0]|posts.10490.acf.sections_new[6].columns[1].components[0]|posts.10490.acf.sections_new[7].columns[1].components[0]|posts.10490.acf.sections_new[8].columns[1].components[0]|posts.10490.acf.sections_new[9].components[2]|posts.1898.acf.sections_new[8].components[2]|posts.1940.acf.sections_new[4].columns[0].components[1],unknown:clients,unresolved,dependency-only,0
/clients/ipesoft-spol-s-r-o/,/clients/ipesoft-spol-s-r-o/,10647,clients,publish,unknown,all-acf-fields,component-listing|post-reference,posts.10490.acf.sections_new[4].columns[1].components[0]|posts.10490.acf.sections_new[5].columns[1].components[0]|posts.10490.acf.sections_new[6].columns[1].components[0]|posts.10490.acf.sections_new[7].columns[1].components[0]|posts.10490.acf.sections_new[8].columns[1].components[0]|posts.10490.acf.sections_new[9].components[2]|posts.10490.acf.sections_new[9].components[2].category.specific[7]|posts.1898.acf.sections_new[8].components[2]|posts.1940.acf.sections_new[4].columns[0].components[1],unknown:clients,unresolved,dependency-only,0
/clients/irisium/,/clients/irisium/,7832,clients,publish,unknown,all-acf-fields,component-listing,posts.10490.acf.sections_new[4].columns[1].components[0]|posts.10490.acf.sections_new[5].columns[1].components[0]|posts.10490.acf.sections_new[6].columns[1].components[0]|posts.10490.acf.sections_new[7].columns[1].components[0]|posts.10490.acf.sections_new[8].columns[1].components[0]|posts.10490.acf.sections_new[9].components[2]|posts.1898.acf.sections_new[8].components[2]|posts.1940.acf.sections_new[4].columns[0].components[1],unknown:clients,unresolved,dependency-only,1
/clients/kisters-belvis-pfm/,/clients/kisters-belvis-pfm/,10615,clients,publish,unknown,all-acf-fields,component-listing|post-reference,posts.10490.acf.sections_new[4].columns[1].components[0]|posts.10490.acf.sections_new[4].columns[1].components[0].category.specific[10]|posts.10490.acf.sections_new[5].columns[1].components[0]|posts.10490.acf.sections_new[6].columns[1].components[0]|posts.10490.acf.sections_new[7].columns[1].components[0]|posts.10490.acf.sections_new[8].columns[1].components[0]|posts.10490.acf.sections_new[9].components[2]|posts.1898.acf.sections_new[8].components[2]|posts.1940.acf.sections_new[4].columns[0].components[1],unknown:clients,unresolved,dependency-only,1
/clients/kisters/,/clients/kisters/,10609,clients,publish,unknown,all-acf-fields,component-listing|post-reference,posts.10490.acf.sections_new[4].columns[1].components[0]|posts.10490.acf.sections_new[4].columns[1].components[0].category.specific[11]|posts.10490.acf.sections_new[5].columns[1].components[0]|posts.10490.acf.sections_new[5].columns[1].components[0].category.specific[2]|posts.10490.acf.sections_new[6].columns[1].components[0]|posts.10490.acf.sections_new[7].columns[1].components[0]|posts.10490.acf.sections_new[8].columns[1].components[0]|posts.10490.acf.sections_new[9].components[2]|posts.1898.acf.sections_new[8].components[2]|posts.1940.acf.sections_new[4].columns[0].components[1],unknown:clients,unresolved,dependency-only,1
/clients/lead-consult/,/clients/lead-consult/,10630,clients,publish,unknown,all-acf-fields,component-listing|post-reference,posts.10490.acf.sections_new[4].columns[1].components[0]|posts.10490.acf.sections_new[5].columns[1].components[0]|posts.10490.acf.sections_new[6].columns[1].components[0]|posts.10490.acf.sections_new[7].columns[1].components[0]|posts.10490.acf.sections_new[8].columns[1].components[0]|posts.10490.acf.sections_new[8].columns[1].components[0].category.specific[0]|posts.10490.acf.sections_new[9].components[2]|posts.1898.acf.sections_new[8].components[2]|posts.1940.acf.sections_new[4].columns[0].components[1],unknown:clients,unresolved,dependency-only,1
/clients/marex-spectron/,/clients/marex-spectron/,3098,clients,publish,unknown,all-acf-fields,component-listing|post-reference,posts.10490.acf.sections_new[4].columns[1].components[0]|posts.10490.acf.sections_new[5].columns[1].components[0]|posts.10490.acf.sections_new[6].columns[1].components[0]|posts.10490.acf.sections_new[7].columns[1].components[0]|posts.10490.acf.sections_new[8].columns[1].components[0]|posts.10490.acf.sections_new[9].components[2]|posts.1898.acf.sections_new[8].components[2]|posts.1898.acf.sections_new[8].components[2].category.specific[15]|posts.1940.acf.sections_new[4].columns[0].components[1],unknown:clients,unresolved,dependency-only,1
/clients/mercuria/,/clients/mercuria/,8562,clients,publish,unknown,all-acf-fields,component-listing|post-reference,posts.10490.acf.sections_new[4].columns[1].components[0]|posts.10490.acf.sections_new[5].columns[1].components[0]|posts.10490.acf.sections_new[6].columns[1].components[0]|posts.10490.acf.sections_new[7].columns[1].components[0]|posts.10490.acf.sections_new[8].columns[1].components[0]|posts.10490.acf.sections_new[9].components[2]|posts.1898.acf.sections_new[8].components[2]|posts.1898.acf.sections_new[8].components[2].category.specific[16]|posts.1940.acf.sections_new[4].columns[0].components[1],unknown:clients,unresolved,dependency-only,1
/clients/mibgas/,/clients/mibgas/,8613,clients,publish,unknown,all-acf-fields,component-listing,posts.10490.acf.sections_new[4].columns[1].components[0]|posts.10490.acf.sections_new[5].columns[1].components[0]|posts.10490.acf.sections_new[6].columns[1].components[0]|posts.10490.acf.sections_new[7].columns[1].components[0]|posts.10490.acf.sections_new[8].columns[1].components[0]|posts.10490.acf.sections_new[9].components[2]|posts.1898.acf.sections_new[8].components[2]|posts.1940.acf.sections_new[4].columns[0].components[1],unknown:clients,unresolved,dependency-only,1
/clients/microstep-hdo-xenergie/,/clients/microstep-hdo-xenergie/,10639,clients,publish,unknown,all-acf-fields,component-listing|post-reference,posts.10490.acf.sections_new[4].columns[1].components[0]|posts.10490.acf.sections_new[5].columns[1].components[0]|posts.10490.acf.sections_new[6].columns[1].components[0]|posts.10490.acf.sections_new[7].columns[1].components[0]|posts.10490.acf.sections_new[8].columns[1].components[0]|posts.10490.acf.sections_new[9].components[2]|posts.10490.acf.sections_new[9].components[2].category.specific[8]|posts.1898.acf.sections_new[8].components[2]|posts.1940.acf.sections_new[4].columns[0].components[1],unknown:clients,unresolved,dependency-only,0
/clients/molecule/,/clients/molecule/,7824,clients,publish,unknown,all-acf-fields,component-listing|post-reference,posts.10490.acf.sections_new[4].columns[1].components[0]|posts.10490.acf.sections_new[5].columns[1].components[0]|posts.10490.acf.sections_new[5].columns[1].components[0].category.specific[3]|posts.10490.acf.sections_new[6].columns[1].components[0]|posts.10490.acf.sections_new[7].columns[1].components[0]|posts.10490.acf.sections_new[8].columns[1].components[0]|posts.10490.acf.sections_new[9].components[2]|posts.1898.acf.sections_new[8].components[2]|posts.1940.acf.sections_new[4].columns[0].components[1],unknown:clients,unresolved,dependency-only,1
/clients/nasdaq-trade-surveillance/,/clients/nasdaq-trade-surveillance/,7833,clients,publish,unknown,all-acf-fields,component-listing|post-reference,posts.10490.acf.sections_new[4].columns[1].components[0]|posts.10490.acf.sections_new[5].columns[1].components[0]|posts.10490.acf.sections_new[5].columns[1].components[0].category.specific[4]|posts.10490.acf.sections_new[6].columns[1].components[0]|posts.10490.acf.sections_new[7].columns[1].components[0]|posts.10490.acf.sections_new[8].columns[1].components[0]|posts.10490.acf.sections_new[9].components[2]|posts.1898.acf.sections_new[8].components[2]|posts.1940.acf.sections_new[4].columns[0].components[1],unknown:clients,unresolved,dependency-only,1
/clients/nodal-exchange/,/clients/nodal-exchange/,8618,clients,publish,unknown,all-acf-fields,component-listing,posts.10490.acf.sections_new[4].columns[1].components[0]|posts.10490.acf.sections_new[5].columns[1].components[0]|posts.10490.acf.sections_new[6].columns[1].components[0]|posts.10490.acf.sections_new[7].columns[1].components[0]|posts.10490.acf.sections_new[8].columns[1].components[0]|posts.10490.acf.sections_new[9].components[2]|posts.1898.acf.sections_new[8].components[2]|posts.1940.acf.sections_new[4].columns[0].components[1],unknown:clients,unresolved,dependency-only,1
/clients/omip/,/clients/omip/,8080,clients,publish,unknown,all-acf-fields,component-listing,posts.10490.acf.sections_new[4].columns[1].components[0]|posts.10490.acf.sections_new[5].columns[1].components[0]|posts.10490.acf.sections_new[6].columns[1].components[0]|posts.10490.acf.sections_new[7].columns[1].components[0]|posts.10490.acf.sections_new[8].columns[1].components[0]|posts.10490.acf.sections_new[9].components[2]|posts.1898.acf.sections_new[8].components[2]|posts.1940.acf.sections_new[4].columns[0].components[1],unknown:clients,unresolved,dependency-only,1
/clients/omv/,/clients/omv/,8565,clients,publish,unknown,all-acf-fields,component-listing|post-reference,posts.10490.acf.sections_new[4].columns[1].components[0]|posts.10490.acf.sections_new[5].columns[1].components[0]|posts.10490.acf.sections_new[6].columns[1].components[0]|posts.10490.acf.sections_new[7].columns[1].components[0]|posts.10490.acf.sections_new[8].columns[1].components[0]|posts.10490.acf.sections_new[9].components[2]|posts.1898.acf.sections_new[8].components[2]|posts.1898.acf.sections_new[8].components[2].category.specific[17]|posts.1940.acf.sections_new[4].columns[0].components[1],unknown:clients,unresolved,dependency-only,1
/clients/opcom/,/clients/opcom/,8621,clients,publish,unknown,all-acf-fields,component-listing,posts.10490.acf.sections_new[4].columns[1].components[0]|posts.10490.acf.sections_new[5].columns[1].components[0]|posts.10490.acf.sections_new[6].columns[1].components[0]|posts.10490.acf.sections_new[7].columns[1].components[0]|posts.10490.acf.sections_new[8].columns[1].components[0]|posts.10490.acf.sections_new[9].components[2]|posts.1898.acf.sections_new[8].components[2]|posts.1940.acf.sections_new[4].columns[0].components[1],unknown:clients,unresolved,dependency-only,2
/clients/openlink/,/clients/openlink/,7825,clients,publish,unknown,all-acf-fields,component-listing|post-reference,posts.10490.acf.sections_new[4].columns[1].components[0]|posts.10490.acf.sections_new[4].columns[1].components[0].category.specific[9]|posts.10490.acf.sections_new[5].columns[1].components[0]|posts.10490.acf.sections_new[6].columns[1].components[0]|posts.10490.acf.sections_new[7].columns[1].components[0]|posts.10490.acf.sections_new[8].columns[1].components[0]|posts.10490.acf.sections_new[9].components[2]|posts.1898.acf.sections_new[8].components[2]|posts.1940.acf.sections_new[4].columns[0].components[1],unknown:clients,unresolved,dependency-only,1
/clients/orchestrade/,/clients/orchestrade/,10686,clients,publish,unknown,all-acf-fields,component-listing|post-reference,posts.10490.acf.sections_new[4].columns[1].components[0]|posts.10490.acf.sections_new[4].columns[1].components[0].category.specific[12]|posts.10490.acf.sections_new[5].columns[1].components[0]|posts.10490.acf.sections_new[6].columns[1].components[0]|posts.10490.acf.sections_new[7].columns[1].components[0]|posts.10490.acf.sections_new[8].columns[1].components[0]|posts.10490.acf.sections_new[9].components[2]|posts.1898.acf.sections_new[8].components[2]|posts.1940.acf.sections_new[4].columns[0].components[1],unknown:clients,unresolved,dependency-only,1
/clients/otcex/,/clients/otcex/,8767,clients,publish,unknown,all-acf-fields,component-listing|post-reference,posts.10490.acf.sections_new[4].columns[1].components[0]|posts.10490.acf.sections_new[5].columns[1].components[0]|posts.10490.acf.sections_new[6].columns[1].components[0]|posts.10490.acf.sections_new[7].columns[1].components[0]|posts.10490.acf.sections_new[8].columns[1].components[0]|posts.10490.acf.sections_new[9].components[2]|posts.1898.acf.sections_new[8].components[2]|posts.1898.acf.sections_new[8].components[2].category.specific[18]|posts.1940.acf.sections_new[4].columns[0].components[1],unknown:clients,unresolved,dependency-only,1
/clients/phinergy/,/clients/phinergy/,10640,clients,publish,unknown,all-acf-fields,component-listing|post-reference,posts.10490.acf.sections_new[4].columns[1].components[0]|posts.10490.acf.sections_new[5].columns[1].components[0]|posts.10490.acf.sections_new[6].columns[1].components[0]|posts.10490.acf.sections_new[7].columns[1].components[0]|posts.10490.acf.sections_new[8].columns[1].components[0]|posts.10490.acf.sections_new[9].components[2]|posts.10490.acf.sections_new[9].components[2].category.specific[9]|posts.1898.acf.sections_new[8].components[2]|posts.1940.acf.sections_new[4].columns[0].components[1],unknown:clients,unresolved,dependency-only,0
/clients/romanian-commodities-exchange-brm/,/clients/romanian-commodities-exchange-brm/,8614,clients,publish,unknown,all-acf-fields,component-listing,posts.10490.acf.sections_new[4].columns[1].components[0]|posts.10490.acf.sections_new[5].columns[1].components[0]|posts.10490.acf.sections_new[6].columns[1].components[0]|posts.10490.acf.sections_new[7].columns[1].components[0]|posts.10490.acf.sections_new[8].columns[1].components[0]|posts.10490.acf.sections_new[9].components[2]|posts.1898.acf.sections_new[8].components[2]|posts.1940.acf.sections_new[4].columns[0].components[1],unknown:clients,unresolved,dependency-only,1
/clients/rwe/,/clients/rwe/,8561,clients,publish,unknown,all-acf-fields,component-listing|post-reference,posts.10490.acf.sections_new[4].columns[1].components[0]|posts.10490.acf.sections_new[5].columns[1].components[0]|posts.10490.acf.sections_new[6].columns[1].components[0]|posts.10490.acf.sections_new[7].columns[1].components[0]|posts.10490.acf.sections_new[8].columns[1].components[0]|posts.10490.acf.sections_new[9].components[2]|posts.1898.acf.sections_new[8].components[2]|posts.1898.acf.sections_new[8].components[2].category.specific[19]|posts.1940.acf.sections_new[4].columns[0].components[1],unknown:clients,unresolved,dependency-only,1
/clients/scila-risk/,/clients/scila-risk/,10617,clients,publish,unknown,all-acf-fields,component-listing|post-reference,posts.10490.acf.sections_new[4].columns[1].components[0]|posts.10490.acf.sections_new[5].columns[1].components[0]|posts.10490.acf.sections_new[5].columns[1].components[0].category.specific[5]|posts.10490.acf.sections_new[6].columns[1].components[0]|posts.10490.acf.sections_new[7].columns[1].components[0]|posts.10490.acf.sections_new[8].columns[1].components[0]|posts.10490.acf.sections_new[9].components[2]|posts.1898.acf.sections_new[8].components[2]|posts.1940.acf.sections_new[4].columns[0].components[1],unknown:clients,unresolved,dependency-only,1
/clients/sefe-2/,/clients/sefe-2/,8571,clients,publish,unknown,all-acf-fields,component-listing,posts.10490.acf.sections_new[4].columns[1].components[0]|posts.10490.acf.sections_new[5].columns[1].components[0]|posts.10490.acf.sections_new[6].columns[1].components[0]|posts.10490.acf.sections_new[7].columns[1].components[0]|posts.10490.acf.sections_new[8].columns[1].components[0]|posts.10490.acf.sections_new[9].components[2]|posts.1898.acf.sections_new[8].components[2]|posts.1940.acf.sections_new[4].columns[0].components[1],unknown:clients,unresolved,dependency-only,1
/clients/sefe/,/clients/sefe/,8550,clients,publish,unknown,all-acf-fields,component-listing|post-reference,posts.10490.acf.sections_new[4].columns[1].components[0]|posts.10490.acf.sections_new[5].columns[1].components[0]|posts.10490.acf.sections_new[6].columns[1].components[0]|posts.10490.acf.sections_new[7].columns[1].components[0]|posts.10490.acf.sections_new[8].columns[1].components[0]|posts.10490.acf.sections_new[9].components[2]|posts.1898.acf.sections_new[8].components[2]|posts.1898.acf.sections_new[8].components[2].category.specific[25]|posts.1940.acf.sections_new[4].columns[0].components[1],unknown:clients,unresolved,dependency-only,1
/clients/shell/,/clients/shell/,8572,clients,publish,unknown,all-acf-fields,component-listing|post-reference,posts.10490.acf.sections_new[4].columns[1].components[0]|posts.10490.acf.sections_new[5].columns[1].components[0]|posts.10490.acf.sections_new[6].columns[1].components[0]|posts.10490.acf.sections_new[7].columns[1].components[0]|posts.10490.acf.sections_new[8].columns[1].components[0]|posts.10490.acf.sections_new[9].components[2]|posts.1898.acf.sections_new[8].components[2]|posts.1898.acf.sections_new[8].components[2].category.specific[20]|posts.1940.acf.sections_new[4].columns[0].components[1],unknown:clients,unresolved,dependency-only,1
/clients/tfs/,/clients/tfs/,8768,clients,publish,unknown,all-acf-fields,component-listing|post-reference,posts.10490.acf.sections_new[4].columns[1].components[0]|posts.10490.acf.sections_new[5].columns[1].components[0]|posts.10490.acf.sections_new[6].columns[1].components[0]|posts.10490.acf.sections_new[7].columns[1].components[0]|posts.10490.acf.sections_new[8].columns[1].components[0]|posts.10490.acf.sections_new[9].components[2]|posts.1898.acf.sections_new[8].components[2]|posts.1898.acf.sections_new[8].components[2].category.specific[21]|posts.1940.acf.sections_new[4].columns[0].components[1],unknown:clients,unresolved,dependency-only,1
/clients/the-voluntary-climate-marketplace-tvcm/,/clients/the-voluntary-climate-marketplace-tvcm/,8619,clients,publish,unknown,all-acf-fields,component-listing,posts.10490.acf.sections_new[4].columns[1].components[0]|posts.10490.acf.sections_new[5].columns[1].components[0]|posts.10490.acf.sections_new[6].columns[1].components[0]|posts.10490.acf.sections_new[7].columns[1].components[0]|posts.10490.acf.sections_new[8].columns[1].components[0]|posts.10490.acf.sections_new[9].components[2]|posts.1898.acf.sections_new[8].components[2]|posts.1940.acf.sections_new[4].columns[0].components[1],unknown:clients,unresolved,dependency-only,1
/clients/tokyo-commodity-exchange-tocom/,/clients/tokyo-commodity-exchange-tocom/,8620,clients,publish,unknown,all-acf-fields,component-listing|post-reference,posts.10490.acf.sections_new[4].columns[1].components[0]|posts.10490.acf.sections_new[5].columns[1].components[0]|posts.10490.acf.sections_new[6].columns[1].components[0]|posts.10490.acf.sections_new[7].columns[1].components[0]|posts.10490.acf.sections_new[8].columns[1].components[0]|posts.10490.acf.sections_new[9].components[2]|posts.1898.acf.sections_new[8].components[2]|posts.1898.acf.sections_new[8].components[2].category.specific[22]|posts.1940.acf.sections_new[4].columns[0].components[1],unknown:clients,unresolved,dependency-only,1
/clients/tradition/,/clients/tradition/,3097,clients,publish,unknown,all-acf-fields,component-listing|post-reference,posts.10490.acf.sections_new[4].columns[1].components[0]|posts.10490.acf.sections_new[5].columns[1].components[0]|posts.10490.acf.sections_new[6].columns[1].components[0]|posts.10490.acf.sections_new[7].columns[1].components[0]|posts.10490.acf.sections_new[8].columns[1].components[0]|posts.10490.acf.sections_new[9].components[2]|posts.1898.acf.sections_new[8].components[2]|posts.1898.acf.sections_new[8].components[2].category.specific[23]|posts.1940.acf.sections_new[4].columns[0].components[1],unknown:clients,unresolved,dependency-only,1
/clients/tullet-prebon/,/clients/tullet-prebon/,4442,clients,publish,unknown,all-acf-fields,component-listing|post-reference,posts.10490.acf.sections_new[4].columns[1].components[0]|posts.10490.acf.sections_new[5].columns[1].components[0]|posts.10490.acf.sections_new[6].columns[1].components[0]|posts.10490.acf.sections_new[7].columns[1].components[0]|posts.10490.acf.sections_new[8].columns[1].components[0]|posts.10490.acf.sections_new[9].components[2]|posts.1898.acf.sections_new[8].components[2]|posts.1898.acf.sections_new[8].components[2].category.specific[24]|posts.1940.acf.sections_new[4].columns[0].components[1],unknown:clients,unresolved,dependency-only,1
/clients/ventriks/,/clients/ventriks/,7814,clients,publish,unknown,all-acf-fields,component-listing|post-reference,posts.10490.acf.sections_new[4].columns[1].components[0]|posts.10490.acf.sections_new[5].columns[1].components[0]|posts.10490.acf.sections_new[6].columns[1].components[0]|posts.10490.acf.sections_new[6].columns[1].components[0].category.specific[2]|posts.10490.acf.sections_new[7].columns[1].components[0]|posts.10490.acf.sections_new[8].columns[1].components[0]|posts.10490.acf.sections_new[9].components[2]|posts.1898.acf.sections_new[8].components[2]|posts.1940.acf.sections_new[4].columns[0].components[1],unknown:clients,unresolved,dependency-only,1
/clients/volue/,/clients/volue/,7835,clients,publish,unknown,all-acf-fields,component-listing|post-reference,posts.10490.acf.sections_new[4].columns[1].components[0]|posts.10490.acf.sections_new[5].columns[1].components[0]|posts.10490.acf.sections_new[6].columns[1].components[0]|posts.10490.acf.sections_new[7].columns[1].components[0]|posts.10490.acf.sections_new[7].columns[1].components[0].category.specific[0]|posts.10490.acf.sections_new[8].columns[1].components[0]|posts.10490.acf.sections_new[9].components[2]|posts.1898.acf.sections_new[8].components[2]|posts.1940.acf.sections_new[4].columns[0].components[1],unknown:clients,unresolved,dependency-only,1
/clients/wynne-corp/,/clients/wynne-corp/,10648,clients,publish,unknown,all-acf-fields,component-listing|post-reference,posts.10490.acf.sections_new[4].columns[1].components[0]|posts.10490.acf.sections_new[5].columns[1].components[0]|posts.10490.acf.sections_new[6].columns[1].components[0]|posts.10490.acf.sections_new[7].columns[1].components[0]|posts.10490.acf.sections_new[8].columns[1].components[0]|posts.10490.acf.sections_new[9].components[2]|posts.10490.acf.sections_new[9].components[2].category.specific[11]|posts.1898.acf.sections_new[8].components[2]|posts.1940.acf.sections_new[4].columns[0].components[1],unknown:clients,unresolved,dependency-only,0
/clients/zema-global/,/clients/zema-global/,10684,clients,publish,unknown,all-acf-fields,component-listing|post-reference,posts.10490.acf.sections_new[4].columns[1].components[0]|posts.10490.acf.sections_new[4].columns[1].components[0].category.specific[14]|posts.10490.acf.sections_new[5].columns[1].components[0]|posts.10490.acf.sections_new[6].columns[1].components[0]|posts.10490.acf.sections_new[7].columns[1].components[0]|posts.10490.acf.sections_new[8].columns[1].components[0]|posts.10490.acf.sections_new[9].components[2]|posts.1898.acf.sections_new[8].components[2]|posts.1940.acf.sections_new[4].columns[0].components[1],unknown:clients,unresolved,dependency-only,0
/clients/zema/,/clients/zema/,10645,clients,publish,unknown,all-acf-fields,component-listing|post-reference,posts.10490.acf.sections_new[4].columns[1].components[0]|posts.10490.acf.sections_new[5].columns[1].components[0]|posts.10490.acf.sections_new[6].columns[1].components[0]|posts.10490.acf.sections_new[6].columns[1].components[0].category.specific[3]|posts.10490.acf.sections_new[7].columns[1].components[0]|posts.10490.acf.sections_new[8].columns[1].components[0]|posts.10490.acf.sections_new[9].components[2]|posts.1898.acf.sections_new[8].components[2]|posts.1940.acf.sections_new[4].columns[0].components[1],unknown:clients,unresolved,dependency-only,0
/commodities-report/,/resources/commodities-report/,8359,redirect,publish,redirect-rule,all-acf-fields,redirect,redirect:8359,redirect,redirects,redirect,0
/company-data/trayport-austria/,/company-data/trayport-austria/,4848,company-data,publish,unknown,all-acf-fields,post-reference,posts.4803.acf.sections[4].post[0],unknown:company-data,unresolved,dependency-only,3
/company-data/trayport-germany/,/company-data/trayport-germany/,4849,company-data,publish,unknown,all-acf-fields,post-reference,posts.4803.acf.sections[7].post[0],unknown:company-data,unresolved,dependency-only,2
/company-data/trayport-singapore/,/company-data/trayport-singapore/,4850,company-data,publish,unknown,all-acf-fields,post-reference,posts.4803.acf.sections[10].post[0],unknown:company-data,unresolved,dependency-only,3
/company-data/trayport-uk/,/company-data/trayport-uk/,4846,company-data,publish,unknown,all-acf-fields,post-reference,posts.4803.acf.sections[1].post[0],unknown:company-data,unresolved,dependency-only,6
/company/,/company/about-us/,8367,redirect,publish,redirect-rule,all-acf-fields,redirect,redirect:8367,redirect,redirects,redirect,0
/company/about-us/,/company/about-us/,2203,page,publish,layouts/default-new.blade.php,sections_new,footer|navigation,options.dropdown[0].menu_block[0].menu_items[0].link|options.footer_new.menu_block[0].menu_items[1].page_link.link,page.standard,pages,included,187
/company/careers/,/company/careers/,11475,page,publish,layouts/default-new.blade.php,sections_new,navigation,options.dropdown[0].menu_block[2].menu_items[0].link,page.standard,pages,included,41
/company/careersold/benefits-health-and-wellbeing/,/company/careersold/benefits-health-and-wellbeing/,4458,page,publish,layouts/careers.blade.php,all-acf-fields,reference-only,posts.11475.acf.sections_new[7].components[1].feature[1].button.new_link,page.standard,pages,reference-only,0
/company/careersold/career-development-at-trayport/,/company/careersold/career-development-at-trayport/,3914,page,publish,layouts/careers.blade.php,all-acf-fields,reference-only,posts.11475.acf.sections_new[7].components[1].feature[2].button.new_link,page.standard,pages,reference-only,0
/company/careersold/how-to-get-hired/,/company/careersold/how-to-get-hired/,4460,page,publish,layouts/careers.blade.php,all-acf-fields,reference-only,posts.11475.acf.sections_new[7].components[1].feature[3].button.new_link,page.standard,pages,reference-only,0
/company/offices/,/company/offices/,2205,page,publish,layouts/default-new.blade.php,sections_new,footer|navigation,options.dropdown[0].menu_block[1].menu_items[0].link|options.footer_new.menu_block[0].menu_items[2].page_link.link,page.standard,pages,included,6
/contact-us/,/contact/,8364,redirect,publish,redirect-rule,all-acf-fields,redirect,redirect:8364,redirect,redirects,redirect,0
/contact/,/contact/,34,page,publish,layouts/default-new.blade.php,sections_new,footer|navigation|theme-hardcoded,options.dropdown[4].menu_block[3].menu_items[1].page_link.link|options.footer_new.menu_block[0].menu_items[4].page_link.link|scope.explicitIncludes.34,page.standard,pages,included,4
/contact/tradewithus/,/contact/,10918,redirect,publish,redirect-rule,all-acf-fields,redirect,redirect:10918,redirect,redirects,redirect,0
/education/,/contact/,8630,redirect,publish,redirect-rule,all-acf-fields,redirect,redirect:8630,redirect,redirects,redirect,0
/eex-news/,/eex-news/,11299,page,publish,layouts/default-new.blade.php,sections_new,banner,posts.11602.acf.all-acf-fields.link,page.standard,pages,included,4
/event/back-at-e-world-trayport-showcases-the-future-of-energy-trading-in-2025/,/event/back-at-e-world-trayport-showcases-the-future-of-energy-trading-in-2025/,8213,post,publish,unknown,sections,listing-item,scope.listingRules.editorial-list-template,article.full,articles,included,4
/event/celebrating-with-our-clients-at-trayports-inaugural-spring-party-2025/,/event/celebrating-with-our-clients-at-trayports-inaugural-spring-party-2025/,8796,post,publish,unknown,sections,listing-item,scope.listingRules.editorial-list-template,article.full,articles,included,4
/event/commodity-trading-week-2026/,/event/commodity-trading-week-2026/,10974,post,publish,unknown,sections,listing-item,scope.listingRules.editorial-list-template,article.full,articles,included,5
/event/connect-with-trayport-in-madrid/,/event/connect-with-trayport-in-madrid/,11465,post,publish,unknown,sections,listing-item,scope.listingRules.editorial-list-template,article.full,articles,included,3
/event/devex-meetup-improving-developer-experience-from-the-trenches/,/event/devex-meetup-improving-developer-experience-from-the-trenches/,10070,post,publish,unknown,sections,listing-item,scope.listingRules.editorial-list-template,article.full,articles,included,1
/event/e-world-2024/,/event/e-world-2024/,10118,post,publish,unknown,sections,listing-item,scope.listingRules.editorial-list-template,article.full,articles,included,3
/event/e-world-2026/,/event/e-world-2026/,10030,post,publish,unknown,sections,listing-item,scope.listingRules.editorial-list-template,article.full,articles,included,4
/event/e-world-the-heartbeat-of-global-commodity-markets/,/event/e-world-the-heartbeat-of-global-commodity-markets/,10439,post,publish,unknown,sections,listing-item,scope.listingRules.editorial-list-template,article.full,articles,included,6
/event/energy-trading-leaders-summit-2026/,/event/energy-trading-leaders-summit-2026/,11026,post,publish,unknown,sections,listing-item,scope.listingRules.editorial-list-template,article.full,articles,included,5
/event/energy-trading-week-2026/,/event/energy-trading-week-2026/,11078,post,publish,unknown,sections,listing-item,scope.listingRules.editorial-list-template,article.full,articles,included,7
/event/etcsee-2024/,/event/etcsee-2024/,10077,post,publish,unknown,sections,listing-item,scope.listingRules.editorial-list-template,article.full,articles,included,4
/event/etcsee-2026/,/event/etcsee-2026/,11041,post,publish,unknown,sections,listing-item,scope.listingRules.editorial-list-template,article.full,articles,included,7
/event/eworld-2025/,/event/eworld-2025/,2461,events,publish,unknown,all-acf-fields,canonical-corpus,scope.canonicalPostTypes.events,article.full,articles,included,0
/event/fia-expo-2024/,/event/fia-expo-2024/,2464,events,publish,unknown,all-acf-fields,canonical-corpus,scope.canonicalPostTypes.events,article.full,articles,included,0
/event/flame-conference-2024/,/event/flame-conference-2024/,10093,post,publish,unknown,sections,listing-item,scope.listingRules.editorial-list-template,article.full,articles,included,4
/event/ippsa-30th-annual-conference/,/event/ippsa-30th-annual-conference/,10105,post,publish,unknown,sections,listing-item,scope.listingRules.editorial-list-template,article.full,articles,included,3
/event/nordic-energy-day-2026/,/event/nordic-energy-day-2026/,11051,post,publish,unknown,sections,listing-item,scope.listingRules.editorial-list-template,article.full,articles,included,6
/event/north-american-carbon-world/,/event/north-american-carbon-world/,10103,post,publish,unknown,sections,listing-item,scope.listingRules.editorial-list-template,article.full,articles,included,3
/event/rec-market-meeting-2024/,/event/rec-market-meeting-2024/,10098,post,publish,unknown,sections,listing-item,scope.listingRules.editorial-list-template,article.full,articles,included,3
/event/trayport-spring-party-2026/,/event/trayport-spring-party-2026/,10960,post,publish,unknown,sections,listing-item,scope.listingRules.editorial-list-template,article.full,articles,included,4
/event/women-of-silicon-roundabout-2024/,/event/women-of-silicon-roundabout-2024/,2463,events,publish,unknown,all-acf-fields,canonical-corpus,scope.canonicalPostTypes.events,article.full,articles,included,0
/event/x-energy-exchanges-2024/,/event/x-energy-exchanges-2024/,10080,post,publish,unknown,sections,listing-item,scope.listingRules.editorial-list-template,article.full,articles,included,4
/event/x-energy-exchanges-2026/,/event/x-energy-exchanges-2026/,10968,post,publish,unknown,sections,listing-item,scope.listingRules.editorial-list-template,article.full,articles,included,6
/events/,/resources/news-events-insights/,8633,redirect,publish,redirect-rule,all-acf-fields,redirect,redirect:8633,redirect,redirects,redirect,0
/events/e-world-2026/,/event/e-world-2026/,10233,redirect,publish,redirect-rule,all-acf-fields,redirect,redirect:10233,redirect,redirects,redirect,0
/events/e-world-2026/,/events/e-world-2026/,8850,events,publish,unknown,all-acf-fields,canonical-event-merge|reference-only,posts.10307.acf.sections[15].buttons[0].new_link|scope.canonicalPostTypes.events,article.full,articles,reference-only,1
/events/eworld-2025/,/event/eworld-2025/,2461,redirect,publish,redirect-rule,all-acf-fields,redirect,redirect:2461,redirect,redirects,redirect,0
/events/fia-expo-2024/,/event/fia-expo-2024/,2464,redirect,publish,redirect-rule,all-acf-fields,redirect,redirect:2464,redirect,redirects,redirect,0
/events/trayport-spring-party-2026/,/events/trayport-spring-party-2026/,10476,events,publish,unknown,all-acf-fields,canonical-event-merge,scope.canonicalPostTypes.events,article.full,articles,dependency-only,1
/events/trayport-spring-party-2026/,/event/trayport-spring-party-2026/,10967,redirect,publish,redirect-rule,all-acf-fields,redirect,redirect:10967,redirect,redirects,redirect,0
/events/women-of-silicon-roundabout-2024/,/event/women-of-silicon-roundabout-2024/,2463,redirect,publish,redirect-rule,all-acf-fields,redirect,redirect:2463,redirect,redirects,redirect,0
/features/data-analytics-benefits/,/features/data-analytics-benefits/,3881,features,publish,unknown,all-acf-fields,post-reference,posts.1930.acf.sections_new[2].components[1].category,unknown:features,unresolved,dependency-only,0
/features/joule-benefits/,/features/joule-benefits/,3197,features,publish,unknown,all-acf-fields,post-reference,posts.1924.acf.sections_new[3].components[2].category,unknown:features,unresolved,dependency-only,0
/home/enterprise-security/,/products/enterprise-security/,9852,page,publish,layouts/default-new.blade.php,sections_new,navigation,options.dropdown[1].menu_block[4].menu_items[1].page_link.link,page.product,pages,included,8
/inside-the-tmx-trayport-summer-internship-programme/,/inside-the-tmx-trayport-summer-internship-programme/,11504,page,publish,layouts/default-new.blade.php,sections_new,reference-only,posts.11475.acf.sections_new[7].components[1].feature[0].button.new_link,page.standard,pages,reference-only,0
/insights/,/resources/news-events-insights/,9156,redirect,publish,redirect-rule,all-acf-fields,redirect,redirect:9156,redirect,redirects,redirect,0
/insights/2025-a-year-of-volatility-resilience-and-transformation/,/insights/2025-a-year-of-volatility-resilience-and-transformation/,10368,post,publish,unknown,sections,listing-item,scope.listingRules.editorial-list-template,article.full,articles,included,4
/insights/an-introduction-to-the-voluntary-carbon-market/,/insights/an-introduction-to-the-voluntary-carbon-market/,9079,post,publish,unknown,sections,listing-item,scope.listingRules.editorial-list-template,article.full,articles,included,3
/insights/beyond-the-barrel-why-digital-trading-is-the-next-frontier-for-north-american-crude/,/insights/beyond-the-barrel-why-digital-trading-is-the-next-frontier-for-north-american-crude/,9761,post,publish,unknown,sections,listing-item,scope.listingRules.editorial-list-template,article.full,articles,included,9
/insights/building-blocks-to-create-an-effective-automated-trading-strategy/,/insights/building-blocks-to-create-an-effective-automated-trading-strategy/,9041,post,publish,unknown,sections,listing-item,scope.listingRules.editorial-list-template,article.full,articles,included,5
/insights/energy-trading-using-joule-remotely/,/insights/energy-trading-using-joule-remotely/,9045,post,publish,unknown,sections,listing-item,scope.listingRules.editorial-list-template,article.full,articles,included,6
/insights/environmental-markets-challenges-opportunities-and-the-role-of-technology/,/insights/environmental-markets-challenges-opportunities-and-the-role-of-technology/,8271,post,publish,unknown,sections,listing-item,scope.listingRules.editorial-list-template,article.full,articles,included,4
/insights/etcsee-2026-automate-your-trading-or-lose/,/insights/etcsee-2026-automate-your-trading-or-lose/,11694,post,publish,unknown,sections,listing-item,scope.listingRules.editorial-list-template,article.full,articles,included,10
/insights/forging-the-future-navigating-challenges-and-opportunities-in-the-european-steel-market/,/insights/forging-the-future-navigating-challenges-and-opportunities-in-the-european-steel-market/,9812,post,publish,unknown,sections,listing-item,scope.listingRules.editorial-list-template,article.full,articles,included,8
/insights/from-corridors-to-dead-ends-navigating-the-strategy-behind-europes-hydrogen-backbone/,/insights/from-corridors-to-dead-ends-navigating-the-strategy-behind-europes-hydrogen-backbone/,10554,post,publish,unknown,sections,listing-item,scope.listingRules.editorial-list-template,article.full,articles,included,9
/insights/from-wellhead-to-world-market-what-north-american-gas-producers-need-to-know-about-lng-pricing-and-risk/,/insights/from-wellhead-to-world-market-what-north-american-gas-producers-need-to-know-about-lng-pricing-and-risk/,10790,post,publish,unknown,sections,listing-item,scope.listingRules.editorial-list-template,article.full,articles,included,13
/insights/how-algorithms-add-to-the-digital-transformation-of-energy-trading/,/insights/how-algorithms-add-to-the-digital-transformation-of-energy-trading/,9134,post,publish,unknown,sections,listing-item,scope.listingRules.editorial-list-template,article.full,articles,included,4
/insights/introducing-electronic-trading-for-voluntary-carbon-market/,/insights/introducing-electronic-trading-for-voluntary-carbon-market/,9070,post,publish,unknown,sections,listing-item,scope.listingRules.editorial-list-template,article.full,articles,included,3
/insights/market-resilience-how-energy-markets-have-changed-between-2022-and-2026/,/insights/market-resilience-how-energy-markets-have-changed-between-2022-and-2026/,11555,post,publish,unknown,sections,listing-item,scope.listingRules.editorial-list-template,article.full,articles,included,13
/insights/mastering-the-energy-boom-automating-your-edge-with-synthetic-orders/,/insights/mastering-the-energy-boom-automating-your-edge-with-synthetic-orders/,10324,post,publish,unknown,sections,listing-item,scope.listingRules.editorial-list-template,article.full,articles,included,2
/insights/metals-heating-up-the-commodity-market/,/insights/metals-heating-up-the-commodity-market/,7302,post,publish,unknown,sections,listing-item,scope.listingRules.editorial-list-template,article.full,articles,included,2
/insights/navigating-the-new-energy-trading-landscape/,/insights/navigating-the-new-energy-trading-landscape/,11553,post,publish,unknown,sections,listing-item,scope.listingRules.editorial-list-template,article.full,articles,included,11
/insights/navigating-the-noise-outsmarting-volatility-across-global-energy-markets/,/insights/navigating-the-noise-outsmarting-volatility-across-global-energy-markets/,10307,post,publish,unknown,sections,listing-item,scope.listingRules.editorial-list-template,article.full,articles,included,6
/insights/on-demand-webinar-accessing-opportunities-in-global-environmental-markets/,/insights/on-demand-webinar-accessing-opportunities-in-global-environmental-markets/,9345,post,publish,unknown,sections,listing-item,scope.listingRules.editorial-list-template,article.full,articles,included,9
/insights/on-demand-webinar-algorithms-for-energy-traders/,/insights/on-demand-webinar-algorithms-for-energy-traders/,9340,post,publish,unknown,sections,listing-item,scope.listingRules.editorial-list-template,article.full,articles,included,8
/insights/on-demand-webinar-data-analytics-for-energy-traders/,/insights/on-demand-webinar-data-analytics-for-energy-traders/,9351,post,publish,unknown,sections,listing-item,scope.listingRules.editorial-list-template,article.full,articles,included,7
/insights/on-demand-webinar-environmental-strategies-and-the-rise-of-voluntary-carbon-markets/,/insights/on-demand-webinar-environmental-strategies-and-the-rise-of-voluntary-carbon-markets/,9360,post,publish,unknown,sections,listing-item,scope.listingRules.editorial-list-template,article.full,articles,included,9
/insights/on-demand-webinar-the-future-of-the-global-carbon-credit-economy/,/insights/on-demand-webinar-the-future-of-the-global-carbon-credit-economy/,9315,post,publish,unknown,sections,listing-item,scope.listingRules.editorial-list-template,article.full,articles,included,9
/insights/on-demand-webinar-to-algo-or-not-to-algo/,/insights/on-demand-webinar-to-algo-or-not-to-algo/,9303,post,publish,unknown,sections,listing-item,scope.listingRules.editorial-list-template,article.full,articles,included,10
/insights/on-demand-webinar-trading-energy-storage-with-algos-how-and-why/,/insights/on-demand-webinar-trading-energy-storage-with-algos-how-and-why/,9288,post,publish,unknown,sections,listing-item,scope.listingRules.editorial-list-template,article.full,articles,included,10
/insights/reflections-from-marbella-key-takeaways-from-the-dropet-biofuels-conference/,/insights/reflections-from-marbella-key-takeaways-from-the-dropet-biofuels-conference/,9264,post,publish,unknown,sections,listing-item,scope.listingRules.editorial-list-template,article.full,articles,included,7
/insights/romanias-energy-transformation-domestic-production-growth-and-digital-integration-new-opportunities-for-regional-trading/,/insights/romanias-energy-transformation-domestic-production-growth-and-digital-integration-new-opportunities-for-regional-trading/,9670,post,publish,unknown,sections,listing-item,scope.listingRules.editorial-list-template,article.full,articles,included,7
/insights/the-arbitrage-paradox-turn-geopolitical-volatility-into-a-competitive-edge/,/insights/the-arbitrage-paradox-turn-geopolitical-volatility-into-a-competitive-edge/,10817,post,publish,unknown,sections,listing-item,scope.listingRules.editorial-list-template,article.full,articles,included,9
/insights/the-energy-transition-lng-and-global-markets-2/,/insights/the-energy-transition-lng-and-global-markets-2/,9115,post,publish,unknown,sections,listing-item,scope.listingRules.editorial-list-template,article.full,articles,included,5
/insights/the-future-of-automation-in-energy-trading-markets/,/insights/the-future-of-automation-in-energy-trading-markets/,9021,post,publish,unknown,sections,listing-item,scope.listingRules.editorial-list-template,article.full,articles,included,4
/insights/the-role-of-algorithms-in-energy-trading/,/insights/the-role-of-algorithms-in-energy-trading/,9031,post,publish,unknown,sections,listing-item,scope.listingRules.editorial-list-template,article.full,articles,included,5
/insights/the-sun-is-rising-over-japanese-power-markets/,/insights/the-sun-is-rising-over-japanese-power-markets/,7296,post,publish,unknown,sections,listing-item,scope.listingRules.editorial-list-template,article.full,articles,included,5
/insights/the-sun-never-sets-on-natural-gas-how-lng-is-creating-a-24-hour-global-market/,/insights/the-sun-never-sets-on-natural-gas-how-lng-is-creating-a-24-hour-global-market/,10976,post,publish,unknown,sections,listing-item,scope.listingRules.editorial-list-template,article.full,articles,included,8
/insights/top-3-ways-to-analyse-energy-trading-data/,/insights/top-3-ways-to-analyse-energy-trading-data/,9018,post,publish,unknown,sections,listing-item,scope.listingRules.editorial-list-template,article.full,articles,included,5
/insights/tradesignal-how-energy-traders-can-build-and-execute-systematic-strategies/,/insights/tradesignal-how-energy-traders-can-build-and-execute-systematic-strategies/,9012,post,publish,unknown,sections,listing-item,scope.listingRules.editorial-list-template,article.full,articles,included,10
/insights/tradesignal-overcoming-logarithmic-price-developments-in-backtesting/,/insights/tradesignal-overcoming-logarithmic-price-developments-in-backtesting/,9051,post,publish,unknown,sections,listing-item,scope.listingRules.editorial-list-template,article.full,articles,included,7
/insights/trayport-at-seegas-hamburg-autumn-2025/,/insights/trayport-at-seegas-hamburg-autumn-2025/,10020,post,publish,unknown,sections,listing-item,scope.listingRules.editorial-list-template,article.full,articles,included,9
/insights/trends-and-changes-in-energy-and-commodity-trading/,/insights/trends-and-changes-in-energy-and-commodity-trading/,9094,post,publish,unknown,sections,listing-item,scope.listingRules.editorial-list-template,article.full,articles,included,2
/insights/turkeys-power-surge-a-new-era-of-digital-trading/,/insights/turkeys-power-surge-a-new-era-of-digital-trading/,8839,post,publish,unknown,sections,listing-item,scope.listingRules.editorial-list-template,article.full,articles,included,9
/insights/why-tick-data-is-a-must-for-european-energy-trading/,/insights/why-tick-data-is-a-must-for-european-energy-trading/,11203,post,publish,unknown,sections,listing-item,scope.listingRules.editorial-list-template,article.full,articles,included,6
/learning-hub-video/11676/,/learning-hub-video/11676/,11676,learning-hub-video,publish,unknown,all-acf-fields,listing-item,scope.listingRules.learning-hub-template,learning-video.public-detail,learning-videos,included,3
/learning-hub-video/8450/,/learning-hub-video/8450/,8450,learning-hub-video,publish,unknown,all-acf-fields,listing-item,scope.listingRules.learning-hub-template,learning-video.public-detail,learning-videos,included,6
/learning-hub-video/creating-a-time-series-in-periotheus/,/learning-hub-video/creating-a-time-series-in-periotheus/,8465,learning-hub-video,publish,unknown,all-acf-fields,listing-item,scope.listingRules.learning-hub-template,learning-video.public-detail,learning-videos,included,4
/learning-hub-video/fx-forwards-in-tradesignal/,/learning-hub-video/fx-forwards-in-tradesignal/,9752,learning-hub-video,publish,unknown,all-acf-fields,listing-item,scope.listingRules.learning-hub-template,learning-video.public-detail,learning-videos,included,6
/learning-hub-video/marketsheet-setup/,/learning-hub-video/marketsheet-setup/,8370,learning-hub-video,publish,unknown,all-acf-fields,listing-item,scope.listingRules.learning-hub-template,learning-video.public-detail,learning-videos,included,5
/learning-hub-video/scanner/,/learning-hub-video/scanner/,3862,learning-hub-video,publish,unknown,all-acf-fields,listing-item,scope.listingRules.learning-hub-template,learning-video.public-detail,learning-videos,included,6
/learning-hub-video/standard-synthetic-orders-location-spread-order/,/learning-hub-video/standard-synthetic-orders-location-spread-order/,8461,learning-hub-video,publish,unknown,all-acf-fields,listing-item,scope.listingRules.learning-hub-template,learning-video.public-detail,learning-videos,included,5
/learning-hub-video/standard-synthetic-orders-market-order/,/learning-hub-video/standard-synthetic-orders-market-order/,8463,learning-hub-video,publish,unknown,all-acf-fields,listing-item,scope.listingRules.learning-hub-template,learning-video.public-detail,learning-videos,included,6
/learning-hub-video/standard-synthetic-orders-order-limit/,/learning-hub-video/standard-synthetic-orders-order-limit/,8458,learning-hub-video,publish,unknown,all-acf-fields,listing-item,scope.listingRules.learning-hub-template,learning-video.public-detail,learning-videos,included,5
/learning-hub-video/trades-window/,/learning-hub-video/trades-window/,8452,learning-hub-video,publish,unknown,all-acf-fields,listing-item,scope.listingRules.learning-hub-template,learning-video.public-detail,learning-videos,included,7
/learning-hub-video/tradesignal-chart-types/,/learning-hub-video/tradesignal-chart-types/,3889,learning-hub-video,publish,unknown,all-acf-fields,listing-item,scope.listingRules.learning-hub-template,learning-video.public-detail,learning-videos,included,7
/learning-hub-video/tradesignal-getting-started-how-to-log-in-and-add-a-datafeed/,/learning-hub-video/tradesignal-getting-started-how-to-log-in-and-add-a-datafeed/,11684,learning-hub-video,publish,unknown,all-acf-fields,listing-item,scope.listingRules.learning-hub-template,learning-video.public-detail,learning-videos,included,3
/learning-hub-video/tradesignal-getting-started-how-to-use-workspaces/,/learning-hub-video/tradesignal-getting-started-how-to-use-workspaces/,11681,learning-hub-video,publish,unknown,all-acf-fields,listing-item,scope.listingRules.learning-hub-template,learning-video.public-detail,learning-videos,included,3
/learning-hub-video/tradesignal-optimisation-and-properties/,/learning-hub-video/tradesignal-optimisation-and-properties/,3890,learning-hub-video,publish,unknown,all-acf-fields,listing-item,scope.listingRules.learning-hub-template,learning-video.public-detail,learning-videos,included,7
/learning-hub-video/trading-in-joule/,/learning-hub-video/trading-in-joule/,8454,learning-hub-video,publish,unknown,all-acf-fields,listing-item,scope.listingRules.learning-hub-template,learning-video.public-detail,learning-videos,included,4
/learning-hub/,/learning-hub/,3311,page,publish,layouts/learning-hub-home.blade.php,sections_new,navigation,options.dropdown[4].menu_block[0].menu_items[1].page_link.link,page.content-index,pages,included,19
/legal-notice/,/legal/legal-notice/,8365,redirect,publish,redirect-rule,all-acf-fields,redirect,redirect:8365,redirect,redirects,redirect,0
/legal/,/legal/,4737,page,publish,layouts/default-new.blade.php,sections_new,footer,options.footer_new.menu_block[2].menu_items[0].link,page.legal,pages,included,12
/legal/acceptable-use-policy/,/legal/acceptable-use-policy/,4752,page,publish,layouts/article.blade.php,sections,reference-only,posts.4737.acf.sections_new[2].columns[1].components[1].buttons[0].new_link|posts.7585.acf.sections_new[2].columns[1].components[1].buttons[0].new_link,page.legal,pages,reference-only,0
/legal/cookie-policy/,/legal/cookie-policy/,7589,page,publish,layouts/cookie-consent.blade.php,sections_new,footer,options.footer_new.menu_block[2].menu_items[4].page_link.link,page.legal,pages,included,2
/legal/legal-notice/,/legal/legal-notice/,4803,page,publish,layouts/article.blade.php,sections,footer,options.footer_new.menu_block[2].menu_items[2].page_link.link,page.legal,pages,included,5
/legal/modern-slavery/,/legal/modern-slavery/,7573,page,publish,layouts/article.blade.php,sections,footer,options.footer_new.menu_block[2].menu_items[1].page_link.link,page.legal,pages,included,0
/legal/privacy-policy/,/legal/privacy-policy/,4742,page,publish,layouts/article.blade.php,sections,reference-only,posts.4737.acf.sections_new[4].columns[1].components[1].buttons[0].new_link|posts.7589.acf.sections_new[1].columns[0].components[0].paragraph,page.legal,pages,reference-only,0
/legal/tax-strategy/,/legal/tax-strategy/,4739,page,publish,layouts/article.blade.php,sections,reference-only,posts.4737.acf.sections_new[5].columns[0].components[1].buttons[0].new_link|posts.4803.acf.sections[15].buttons[0].new_link,page.legal,pages,reference-only,0
/legal/website-terms-of-use-disclaimer/,/legal/website-terms-of-use-disclaimer/,4754,page,publish,layouts/article.blade.php,sections,reference-only,posts.4737.acf.sections_new[1].columns[0].components[1].buttons[0].new_link|posts.7585.acf.sections_new[1].columns[0].components[1].buttons[0].new_link,page.legal,pages,reference-only,0
/lifecycle-information/,/resources/lifecycle-information/,8361,redirect,publish,redirect-rule,all-acf-fields,redirect,redirect:8361,redirect,redirects,redirect,0
/lifecycle/autotrader/,/lifecycle/autotrader/,10337,lifecycle,publish,unknown,all-acf-fields,component-listing,posts.4028.acf.sections_new[1].components[0],unknown:lifecycle,unresolved,dependency-only,1
/lifecycle/broker-trading-system-8-12-24-13304/,/lifecycle/broker-trading-system-8-12-24-13304/,4213,lifecycle,publish,unknown,all-acf-fields,component-listing,posts.4028.acf.sections_new[1].components[0],unknown:lifecycle,unresolved,dependency-only,1
/lifecycle/broker-trading-system/,/lifecycle/broker-trading-system/,4209,lifecycle,publish,unknown,all-acf-fields,component-listing,posts.4028.acf.sections_new[1].components[0],unknown:lifecycle,unresolved,dependency-only,1
/lifecycle/exchange-trading-system-8-12-31/,/lifecycle/exchange-trading-system-8-12-31/,4211,lifecycle,publish,unknown,all-acf-fields,component-listing,posts.4028.acf.sections_new[1].components[0],unknown:lifecycle,unresolved,dependency-only,1
/lifecycle/globalvision-front-end-brokers/,/lifecycle/globalvision-front-end-brokers/,4214,lifecycle,publish,unknown,all-acf-fields,component-listing,posts.4028.acf.sections_new[1].components[0],unknown:lifecycle,unresolved,dependency-only,0
/lifecycle/joule-4-0-9-43047/,/lifecycle/joule-4-0-9-43047/,4026,lifecycle,publish,unknown,all-acf-fields,component-listing,posts.4028.acf.sections_new[1].components[0],unknown:lifecycle,unresolved,dependency-only,1
/lifecycle/joule-6-0-36/,/lifecycle/joule-6-0-36/,11241,lifecycle,publish,unknown,all-acf-fields,component-listing,posts.4028.acf.sections_new[1].components[0],unknown:lifecycle,unresolved,dependency-only,1
/lifecycle/joule-direct-api-2-135-0-14685/,/lifecycle/joule-direct-api-2-135-0-14685/,4208,lifecycle,publish,unknown,all-acf-fields,component-listing,posts.4028.acf.sections_new[1].components[0],unknown:lifecycle,unresolved,dependency-only,1
/lifecycle/joule-mobile/,/lifecycle/joule-mobile/,10485,lifecycle,publish,unknown,all-acf-fields,component-listing,posts.4028.acf.sections_new[1].components[0],unknown:lifecycle,unresolved,dependency-only,1
/lifecycle/joule-web/,/lifecycle/joule-web/,10489,lifecycle,publish,unknown,all-acf-fields,component-listing,posts.4028.acf.sections_new[1].components[0],unknown:lifecycle,unresolved,dependency-only,1
/lifecycle/tradesignal-10-0/,/lifecycle/tradesignal-10-0/,4212,lifecycle,publish,unknown,all-acf-fields,component-listing,posts.4028.acf.sections_new[1].components[0],unknown:lifecycle,unresolved,dependency-only,1
/lifecycle/tradesignal-9-0/,/lifecycle/tradesignal-9-0/,4210,lifecycle,publish,unknown,all-acf-fields,component-listing,posts.4028.acf.sections_new[1].components[0],unknown:lifecycle,unresolved,dependency-only,1
/market-coverage/,/market-coverage/,,virtual,publish,virtual,synthetic-route,navigation,options.dropdown[4].menu_block[2].menu_items[2].page_link.link,index.market-coverage,hubs,included,0
/market-coverage/acx/,/market-coverage/acx/,8520,hub,publish,unknown,all-acf-fields,listing-item,scope.listingRules.market-matrix-template,hub.public-page,hubs,included,3
/market-coverage/api2/,/market-coverage/api2/,2490,hub,publish,unknown,all-acf-fields,listing-item,scope.listingRules.market-matrix-template,hub.public-page,hubs,included,4
/market-coverage/api4/,/market-coverage/api4/,6776,hub,publish,unknown,all-acf-fields,listing-item,scope.listingRules.market-matrix-template,hub.public-page,hubs,included,3
/market-coverage/australian-compliance-accus/,/market-coverage/australian-compliance-accus/,8542,hub,publish,unknown,all-acf-fields,listing-item,scope.listingRules.market-matrix-template,hub.public-page,hubs,included,3
/market-coverage/australian-gas/,/market-coverage/australian-gas/,3330,hub,publish,unknown,all-acf-fields,listing-item,scope.listingRules.market-matrix-template,hub.public-page,hubs,included,3
/market-coverage/austrian-power/,/market-coverage/austrian-power/,2472,hub,publish,unknown,all-acf-fields,listing-item,scope.listingRules.market-matrix-template,hub.public-page,hubs,included,3
/market-coverage/belgian-power/,/market-coverage/belgian-power/,2519,hub,publish,unknown,all-acf-fields,listing-item,scope.listingRules.market-matrix-template,hub.public-page,hubs,included,2
/market-coverage/bulgarian-gas/,/market-coverage/bulgarian-gas/,3317,hub,publish,unknown,all-acf-fields,listing-item,scope.listingRules.market-matrix-template,hub.public-page,hubs,included,3
/market-coverage/bulgarian-power/,/market-coverage/bulgarian-power/,2492,hub,publish,unknown,all-acf-fields,listing-item,scope.listingRules.market-matrix-template,hub.public-page,hubs,included,3
/market-coverage/cee-power/,/market-coverage/cee-power/,10565,hub,publish,unknown,all-acf-fields,listing-item,scope.listingRules.market-matrix-template,hub.public-page,hubs,included,2
/market-coverage/cegh-vtp-austrian/,/market-coverage/cegh-vtp-austrian/,3318,hub,publish,unknown,all-acf-fields,listing-item,scope.listingRules.market-matrix-template,hub.public-page,hubs,included,3
/market-coverage/cer/,/market-coverage/cer/,6800,hub,publish,unknown,all-acf-fields,listing-item,scope.listingRules.market-matrix-template,hub.public-page,hubs,included,3
/market-coverage/czech-2/,/market-coverage/czech-2/,3322,hub,publish,unknown,all-acf-fields,listing-item,scope.listingRules.market-matrix-template,hub.public-page,hubs,included,3
/market-coverage/czech-power/,/market-coverage/czech-power/,2493,hub,publish,unknown,all-acf-fields,listing-item,scope.listingRules.market-matrix-template,hub.public-page,hubs,included,3
/market-coverage/dry-freight/,/market-coverage/dry-freight/,3341,hub,publish,unknown,all-acf-fields,listing-item,scope.listingRules.market-matrix-template,hub.public-page,hubs,included,3
/market-coverage/dutch-power/,/market-coverage/dutch-power/,2497,hub,publish,unknown,all-acf-fields,listing-item,scope.listingRules.market-matrix-template,hub.public-page,hubs,included,3
/market-coverage/energy-attribute-certificates/,/market-coverage/energy-attribute-certificates/,3336,hub,publish,unknown,all-acf-fields,listing-item,scope.listingRules.market-matrix-template,hub.public-page,hubs,included,3
/market-coverage/eua/,/market-coverage/eua/,3333,hub,publish,unknown,all-acf-fields,listing-item,scope.listingRules.market-matrix-template,hub.public-page,hubs,included,3
/market-coverage/french-power/,/market-coverage/french-power/,2494,hub,publish,unknown,all-acf-fields,listing-item,scope.listingRules.market-matrix-template,hub.public-page,hubs,included,3
/market-coverage/gc-newc/,/market-coverage/gc-newc/,3338,hub,publish,unknown,all-acf-fields,listing-item,scope.listingRules.market-matrix-template,hub.public-page,hubs,included,3
/market-coverage/german-power/,/market-coverage/german-power/,2495,hub,publish,unknown,all-acf-fields,listing-item,scope.listingRules.market-matrix-template,hub.public-page,hubs,included,3
/market-coverage/greek-power/,/market-coverage/greek-power/,2496,hub,publish,unknown,all-acf-fields,listing-item,scope.listingRules.market-matrix-template,hub.public-page,hubs,included,3
/market-coverage/gtf-danish/,/market-coverage/gtf-danish/,3321,hub,publish,unknown,all-acf-fields,listing-item,scope.listingRules.market-matrix-template,hub.public-page,hubs,included,3
/market-coverage/henry-hub/,/market-coverage/henry-hub/,2487,hub,publish,unknown,all-acf-fields,listing-item,scope.listingRules.market-matrix-template,hub.public-page,hubs,included,4
/market-coverage/hungarian-power/,/market-coverage/hungarian-power/,2498,hub,publish,unknown,all-acf-fields,listing-item,scope.listingRules.market-matrix-template,hub.public-page,hubs,included,3
/market-coverage/hvp/,/market-coverage/hvp/,3345,hub,publish,unknown,all-acf-fields,listing-item,scope.listingRules.market-matrix-template,hub.public-page,hubs,included,3
/market-coverage/irish-power/,/market-coverage/irish-power/,8670,hub,publish,unknown,all-acf-fields,listing-item,scope.listingRules.market-matrix-template,hub.public-page,hubs,included,3
/market-coverage/iron-ore/,/market-coverage/iron-ore/,3340,hub,publish,unknown,all-acf-fields,listing-item,scope.listingRules.market-matrix-template,hub.public-page,hubs,included,3
/market-coverage/italian-power/,/market-coverage/italian-power/,2499,hub,publish,unknown,all-acf-fields,listing-item,scope.listingRules.market-matrix-template,hub.public-page,hubs,included,3
/market-coverage/japanese-power/,/market-coverage/japanese-power/,2500,hub,publish,unknown,all-acf-fields,listing-item,scope.listingRules.market-matrix-template,hub.public-page,hubs,included,3
/market-coverage/lng-asia/,/market-coverage/lng-asia/,4071,hub,publish,unknown,all-acf-fields,listing-item,scope.listingRules.market-matrix-template,hub.public-page,hubs,included,5
/market-coverage/lng-europe/,/market-coverage/lng-europe/,3329,hub,publish,unknown,all-acf-fields,listing-item,scope.listingRules.market-matrix-template,hub.public-page,hubs,included,5
/market-coverage/lng-north-america/,/market-coverage/lng-north-america/,10752,hub,publish,unknown,all-acf-fields,listing-item,scope.listingRules.market-matrix-template,hub.public-page,hubs,included,2
/market-coverage/lpg-naphtha-gasoline/,/market-coverage/lpg-naphtha-gasoline/,2491,hub,publish,unknown,all-acf-fields,listing-item,scope.listingRules.market-matrix-template,hub.public-page,hubs,included,3
/market-coverage/metals/,/market-coverage/metals/,10749,hub,publish,unknown,all-acf-fields,listing-item,scope.listingRules.market-matrix-template,hub.public-page,hubs,included,2
/market-coverage/mexican-power/,/market-coverage/mexican-power/,2501,hub,publish,unknown,all-acf-fields,listing-item,scope.listingRules.market-matrix-template,hub.public-page,hubs,included,2
/market-coverage/mexico-pacific/,/market-coverage/mexico-pacific/,4522,hub,publish,unknown,all-acf-fields,listing-item,scope.listingRules.market-matrix-template,hub.public-page,hubs,included,5
/market-coverage/nbp-uk/,/market-coverage/nbp-uk/,2488,hub,publish,unknown,all-acf-fields,listing-item,scope.listingRules.market-matrix-template,hub.public-page,hubs,included,3
/market-coverage/nordic-power/,/market-coverage/nordic-power/,2502,hub,publish,unknown,all-acf-fields,listing-item,scope.listingRules.market-matrix-template,hub.public-page,hubs,included,2
/market-coverage/north-american-coal/,/market-coverage/north-american-coal/,3337,hub,publish,unknown,all-acf-fields,listing-item,scope.listingRules.market-matrix-template,hub.public-page,hubs,included,3
/market-coverage/north-american-compliance/,/market-coverage/north-american-compliance/,3334,hub,publish,unknown,all-acf-fields,listing-item,scope.listingRules.market-matrix-template,hub.public-page,hubs,included,3
/market-coverage/north-american-power/,/market-coverage/north-american-power/,2514,hub,publish,unknown,all-acf-fields,listing-item,scope.listingRules.market-matrix-template,hub.public-page,hubs,included,3
/market-coverage/peg-french/,/market-coverage/peg-french/,3315,hub,publish,unknown,all-acf-fields,listing-item,scope.listingRules.market-matrix-template,hub.public-page,hubs,included,3
/market-coverage/physical/,/market-coverage/physical/,3339,hub,publish,unknown,all-acf-fields,listing-item,scope.listingRules.market-matrix-template,hub.public-page,hubs,included,3
/market-coverage/polish-2/,/market-coverage/polish-2/,3327,hub,publish,unknown,all-acf-fields,listing-item,scope.listingRules.market-matrix-template,hub.public-page,hubs,included,3
/market-coverage/polish-power/,/market-coverage/polish-power/,2503,hub,publish,unknown,all-acf-fields,listing-item,scope.listingRules.market-matrix-template,hub.public-page,hubs,included,2
/market-coverage/portguguese-power/,/market-coverage/portguguese-power/,2504,hub,publish,unknown,all-acf-fields,listing-item,scope.listingRules.market-matrix-template,hub.public-page,hubs,included,3
/market-coverage/psv-italian/,/market-coverage/psv-italian/,3320,hub,publish,unknown,all-acf-fields,listing-item,scope.listingRules.market-matrix-template,hub.public-page,hubs,included,3
/market-coverage/pvb/,/market-coverage/pvb/,3323,hub,publish,unknown,all-acf-fields,listing-item,scope.listingRules.market-matrix-template,hub.public-page,hubs,included,3
/market-coverage/renewables/,/market-coverage/renewables/,3332,hub,publish,unknown,all-acf-fields,listing-item,scope.listingRules.market-matrix-template,hub.public-page,hubs,included,3
/market-coverage/romanian-power/,/market-coverage/romanian-power/,2505,hub,publish,unknown,all-acf-fields,listing-item,scope.listingRules.market-matrix-template,hub.public-page,hubs,included,3
/market-coverage/serbian-power/,/market-coverage/serbian-power/,2506,hub,publish,unknown,all-acf-fields,listing-item,scope.listingRules.market-matrix-template,hub.public-page,hubs,included,3
/market-coverage/singapore-power/,/market-coverage/singapore-power/,2507,hub,publish,unknown,all-acf-fields,listing-item,scope.listingRules.market-matrix-template,hub.public-page,hubs,included,3
/market-coverage/slovak-gas/,/market-coverage/slovak-gas/,3325,hub,publish,unknown,all-acf-fields,listing-item,scope.listingRules.market-matrix-template,hub.public-page,hubs,included,3
/market-coverage/slovak-power/,/market-coverage/slovak-power/,2508,hub,publish,unknown,all-acf-fields,listing-item,scope.listingRules.market-matrix-template,hub.public-page,hubs,included,3
/market-coverage/slovenian-power/,/market-coverage/slovenian-power/,2509,hub,publish,unknown,all-acf-fields,listing-item,scope.listingRules.market-matrix-template,hub.public-page,hubs,included,2
/market-coverage/spanish-power/,/market-coverage/spanish-power/,2510,hub,publish,unknown,all-acf-fields,listing-item,scope.listingRules.market-matrix-template,hub.public-page,hubs,included,3
/market-coverage/storage-capacity/,/market-coverage/storage-capacity/,3326,hub,publish,unknown,all-acf-fields,listing-item,scope.listingRules.market-matrix-template,hub.public-page,hubs,included,3
/market-coverage/swiss-power/,/market-coverage/swiss-power/,2511,hub,publish,unknown,all-acf-fields,listing-item,scope.listingRules.market-matrix-template,hub.public-page,hubs,included,3
/market-coverage/the-german/,/market-coverage/the-german/,3316,hub,publish,unknown,all-acf-fields,listing-item,scope.listingRules.market-matrix-template,hub.public-page,hubs,included,3
/market-coverage/thermal-coal/,/market-coverage/thermal-coal/,8696,hub,publish,unknown,all-acf-fields,listing-item,scope.listingRules.market-matrix-template,hub.public-page,hubs,included,3
/market-coverage/trucking-freight/,/market-coverage/trucking-freight/,3342,hub,publish,unknown,all-acf-fields,listing-item,scope.listingRules.market-matrix-template,hub.public-page,hubs,included,3
/market-coverage/ttf-dutch/,/market-coverage/ttf-dutch/,2471,hub,publish,unknown,all-acf-fields,listing-item,scope.listingRules.market-matrix-template,hub.public-page,hubs,included,3
/market-coverage/turkish-power/,/market-coverage/turkish-power/,2512,hub,publish,unknown,all-acf-fields,listing-item,scope.listingRules.market-matrix-template,hub.public-page,hubs,included,3
/market-coverage/uk-power/,/market-coverage/uk-power/,2513,hub,publish,unknown,all-acf-fields,listing-item,scope.listingRules.market-matrix-template,hub.public-page,hubs,included,3
/market-coverage/uka/,/market-coverage/uka/,6777,hub,publish,unknown,all-acf-fields,listing-item,scope.listingRules.market-matrix-template,hub.public-page,hubs,included,3
/market-coverage/voluntary-carbon/,/market-coverage/voluntary-carbon/,3335,hub,publish,unknown,all-acf-fields,listing-item,scope.listingRules.market-matrix-template,hub.public-page,hubs,included,3
/market-coverage/vtp-portugal/,/market-coverage/vtp-portugal/,3331,hub,publish,unknown,all-acf-fields,listing-item,scope.listingRules.market-matrix-template,hub.public-page,hubs,included,3
/market-coverage/vtp-romanian/,/market-coverage/vtp-romanian/,3328,hub,publish,unknown,all-acf-fields,listing-item,scope.listingRules.market-matrix-template,hub.public-page,hubs,included,3
/market-coverage/wet-freight/,/market-coverage/wet-freight/,3343,hub,publish,unknown,all-acf-fields,listing-item,scope.listingRules.market-matrix-template,hub.public-page,hubs,included,3
/market-coverage/wind-europe/,/market-coverage/wind-europe/,10751,hub,publish,unknown,all-acf-fields,listing-item,scope.listingRules.market-matrix-template,hub.public-page,hubs,included,2
/market-coverage/ztp-belgian/,/market-coverage/ztp-belgian/,3314,hub,publish,unknown,all-acf-fields,listing-item,scope.listingRules.market-matrix-template,hub.public-page,hubs,included,3
/markets/,/resources/markets-map/,8356,redirect,publish,redirect-rule,all-acf-fields,redirect,redirect:8356,redirect,redirects,redirect,0
/markets/bulk-markets/,/markets/bulk-markets/,6888,page,publish,layouts/default-new.blade.php,sections_new,navigation,options.dropdown[2].menu_block[4].menu_items[0].link,page.standard,pages,included,15
/markets/carbon-emissions/,/market/climate/,8626,redirect,publish,redirect-rule,all-acf-fields,redirect,redirect:8626,redirect,redirects,redirect,0
/markets/climate/,/markets/climate/,2213,page,publish,layouts/default-new.blade.php,sections_new,navigation,options.dropdown[2].menu_block[3].menu_items[0].link,page.standard,pages,included,13
/markets/coal/,/markets/oil/,8624,redirect,publish,redirect-rule,all-acf-fields,redirect,redirect:8624,redirect,redirects,redirect,0
/markets/energy-attribute-certificates/,/markets/climate/,8528,redirect,publish,redirect-rule,all-acf-fields,redirect,redirect:8528,redirect,redirects,redirect,0
/markets/freight/,/markets/bulk-markets/,8625,redirect,publish,redirect-rule,all-acf-fields,redirect,redirect:8625,redirect,redirects,redirect,0
/markets/gas/,/markets/gas/,2209,page,publish,layouts/default-new.blade.php,sections_new,navigation,options.dropdown[2].menu_block[1].menu_items[0].link,page.standard,pages,included,308
/markets/iron-ore/,/markets/bulk-markets/,8355,redirect,publish,redirect-rule,all-acf-fields,redirect,redirect:8355,redirect,redirects,redirect,0
/markets/market-matrix/,/resources/market-matrix/,8358,redirect,publish,redirect-rule,all-acf-fields,redirect,redirect:8358,redirect,redirects,redirect,0
/markets/market-matrix/,/resources/market-matrix/,8627,redirect,publish,redirect-rule,all-acf-fields,redirect,redirect:8627,redirect,redirects,redirect,0
/markets/metals/,/markets/metals/,2215,page,publish,layouts/default-new.blade.php,sections_new,navigation,options.dropdown[2].menu_block[2].menu_items[0].link,page.standard,pages,included,4
/markets/oil/,/markets/oil/,7390,page,publish,layouts/default-new.blade.php,sections_new,navigation,options.dropdown[2].menu_block[5].menu_items[0].link,page.standard,pages,included,4
/markets/power/,/markets/power/,2211,page,publish,layouts/default-new.blade.php,sections_new,navigation,options.dropdown[2].menu_block[0].menu_items[0].link,page.standard,pages,included,17
/markets/refined-oil-trading/,/markets/oil/,8353,redirect,publish,redirect-rule,all-acf-fields,redirect,redirect:8353,redirect,redirects,redirect,0
/markets/voluntary-carbon-trading/,/market/climate/,8354,redirect,publish,redirect-rule,all-acf-fields,redirect,redirect:8354,redirect,redirects,redirect,0
/news/,/resources/news-events-insights/,8632,redirect,publish,redirect-rule,all-acf-fields,redirect,redirect:8632,redirect,redirects,redirect,0
/news/abaxx-exchange-to-extend-trading-access-through-tmx-trayports-joule-platform/,/news/abaxx-exchange-to-extend-trading-access-through-tmx-trayports-joule-platform/,10402,post,publish,unknown,sections,listing-item,scope.listingRules.editorial-list-template,article.full,articles,included,5
/news/abaxx-futures-now-available-through-tmx-trayports-joule-platform/,/news/abaxx-futures-now-available-through-tmx-trayports-joule-platform/,10763,post,publish,unknown,sections,listing-item,scope.listingRules.editorial-list-template,article.full,articles,included,3
/news/acxs-carbon-credit-pricing-data-now-available-through-trayport/,/news/acxs-carbon-credit-pricing-data-now-available-through-trayport/,9436,post,publish,unknown,sections,listing-item,scope.listingRules.editorial-list-template,article.full,articles,included,5
/news/acxs-settlement-service-for-carbon-credit-trading-available-through-joule/,/news/acxs-settlement-service-for-carbon-credit-trading-available-through-joule/,9422,post,publish,unknown,sections,listing-item,scope.listingRules.editorial-list-template,article.full,articles,included,5
/news/akenerji-selects-trayports-globalvision-trading-gateway-for-turkish-power-market/,/news/akenerji-selects-trayports-globalvision-trading-gateway-for-turkish-power-market/,9561,post,publish,unknown,sections,listing-item,scope.listingRules.editorial-list-template,article.full,articles,included,3
/news/an-update-from-trayport-regarding-covid-19/,/news/an-update-from-trayport-regarding-covid-19/,9496,post,publish,unknown,sections,listing-item,scope.listingRules.editorial-list-template,article.full,articles,included,4
/news/arax-commodities-chooses-trayport-for-trading-power-and-agricultural-softs/,/news/arax-commodities-chooses-trayport-for-trading-power-and-agricultural-softs/,9555,post,publish,unknown,sections,listing-item,scope.listingRules.editorial-list-template,article.full,articles,included,3
/news/argus-guarantee-of-origin-prices/,/news/argus-guarantee-of-origin-prices/,7305,post,publish,unknown,sections,listing-item,scope.listingRules.editorial-list-template,article.full,articles,included,3
/news/balkaner-enerji-chooses-trayports-broker-trading-system-for-turkish-power-market/,/news/balkaner-enerji-chooses-trayports-broker-trading-system-for-turkish-power-market/,9515,post,publish,unknown,sections,listing-item,scope.listingRules.editorial-list-template,article.full,articles,included,4
/news/covid-19-update-for-march-30/,/news/covid-19-update-for-march-30/,9492,post,publish,unknown,sections,listing-item,scope.listingRules.editorial-list-template,article.full,articles,included,4
/news/hungarian-exchanges-hudex-and-ceegex-extend-their-relationship-with-trayport/,/news/hungarian-exchanges-hudex-and-ceegex-extend-their-relationship-with-trayport/,9469,post,publish,unknown,sections,listing-item,scope.listingRules.editorial-list-template,article.full,articles,included,5
/news/incubex-and-trayport-announce-the-successful-launch-of-the-voluntary-climate-marketplace/,/news/incubex-and-trayport-announce-the-successful-launch-of-the-voluntary-climate-marketplace/,9451,post,publish,unknown,sections,listing-item,scope.listingRules.editorial-list-template,article.full,articles,included,5
/news/intercontinental-exchange-completes-acquisition-of-trayport/,/news/intercontinental-exchange-completes-acquisition-of-trayport/,9568,post,publish,unknown,sections,listing-item,scope.listingRules.editorial-list-template,article.full,articles,included,1
/news/links-commodities-choose-trayport-for-european-rapeseed-oil-markets/,/news/links-commodities-choose-trayport-for-european-rapeseed-oil-markets/,9572,post,publish,unknown,sections,listing-item,scope.listingRules.editorial-list-template,article.full,articles,included,2
/news/make-brokerage-chooses-trayports-broker-trading-system-for-turkish-power-market/,/news/make-brokerage-chooses-trayports-broker-trading-system-for-turkish-power-market/,9566,post,publish,unknown,sections,listing-item,scope.listingRules.editorial-list-template,article.full,articles,included,3
/news/mibgas-closing-prices-now-available-on-trayport-joule/,/news/mibgas-closing-prices-now-available-on-trayport-joule/,10293,post,publish,unknown,sections,listing-item,scope.listingRules.editorial-list-template,article.full,articles,included,5
/news/power-solutions-choose-trayports-broker-trading-system-for-turkish-power-market/,/news/power-solutions-choose-trayports-broker-trading-system-for-turkish-power-market/,9570,post,publish,unknown,sections,listing-item,scope.listingRules.editorial-list-template,article.full,articles,included,2
/news/richard-everett-on-2021-energy-trading-trends-commodity-trading-week-interview/,/news/richard-everett-on-2021-energy-trading-trends-commodity-trading-week-interview/,9483,post,publish,unknown,sections,listing-item,scope.listingRules.editorial-list-template,article.full,articles,included,3
/news/tmx-group-announces-agreement-with-intercontinental-exchanges-to-acquire-trayport/,/news/tmx-group-announces-agreement-with-intercontinental-exchanges-to-acquire-trayport/,9517,post,publish,unknown,sections,listing-item,scope.listingRules.editorial-list-template,article.full,articles,included,2
/news/tmx-group-announces-trayport-acquisition-of-visotech/,/news/tmx-group-announces-trayport-acquisition-of-visotech/,9512,post,publish,unknown,sections,listing-item,scope.listingRules.editorial-list-template,article.full,articles,included,3
/news/tradesignal-becomes-a-trayport-certified-software-provider/,/news/tradesignal-becomes-a-trayport-certified-software-provider/,9557,post,publish,unknown,sections,listing-item,scope.listingRules.editorial-list-template,article.full,articles,included,2
/news/trayport-and-incubex-announce-collaboration-for-the-trading-of-voluntary-carbon-offsets/,/news/trayport-and-incubex-announce-collaboration-for-the-trading-of-voluntary-carbon-offsets/,9465,post,publish,unknown,sections,listing-item,scope.listingRules.editorial-list-template,article.full,articles,included,5
/news/trayport-and-trayport-contigo-win-industry-awards/,/news/trayport-and-trayport-contigo-win-industry-awards/,9574,post,publish,unknown,sections,listing-item,scope.listingRules.editorial-list-template,article.full,articles,included,1
/news/trayport-announces-acquisition-of-tradesignal/,/news/trayport-announces-acquisition-of-tradesignal/,9480,post,publish,unknown,sections,listing-item,scope.listingRules.editorial-list-template,article.full,articles,included,8
/news/trayport-announces-successful-pilot-trade-of-voluntary-carbon-offsets-through-joule/,/news/trayport-announces-successful-pilot-trade-of-voluntary-carbon-offsets-through-joule/,9457,post,publish,unknown,sections,listing-item,scope.listingRules.editorial-list-template,article.full,articles,included,4
/news/trayport-signs-partnership-agreement-following-minority-investment-in-ventriks-ltd/,/news/trayport-signs-partnership-agreement-following-minority-investment-in-ventriks-ltd/,9445,post,publish,unknown,sections,listing-item,scope.listingRules.editorial-list-template,article.full,articles,included,4
/news/trayport-to-provide-access-to-montel-marketplace-guarantee-of-origin-certificates/,/news/trayport-to-provide-access-to-montel-marketplace-guarantee-of-origin-certificates/,9418,post,publish,unknown,sections,listing-item,scope.listingRules.editorial-list-template,article.full,articles,included,3
/news/trayport-to-provide-exchange-trading-system-for-balkan-gas-hub-organised-market/,/news/trayport-to-provide-exchange-trading-system-for-balkan-gas-hub-organised-market/,9501,post,publish,unknown,sections,listing-item,scope.listingRules.editorial-list-template,article.full,articles,included,4
/news/trayport-to-provide-trading-platform-connectivity-for-nodal-exchange/,/news/trayport-to-provide-trading-platform-connectivity-for-nodal-exchange/,9508,post,publish,unknown,sections,listing-item,scope.listingRules.editorial-list-template,article.full,articles,included,3
/news/trayport-tradition-announce-the-successful-launch-of-refined-oil-trading-technology/,/news/trayport-tradition-announce-the-successful-launch-of-refined-oil-trading-technology/,9447,post,publish,unknown,sections,listing-item,scope.listingRules.editorial-list-template,article.full,articles,included,4
/news/ventriks-becomes-a-trayport-certified-software-provider/,/news/ventriks-becomes-a-trayport-certified-software-provider/,9428,post,publish,unknown,sections,listing-item,scope.listingRules.editorial-list-template,article.full,articles,included,3
/north-american-commodities-trading/,/north-american-commodities-trading/,5589,page,publish,layouts/default-new.blade.php,sections_new,reference-only,posts.10976.acf.sections[23].buttons[1].new_link|posts.1898.acf.sections_new[2].columns[0].components[2].buttons[0].new_link|posts.1924.acf.sections_new[2].columns[1].components[2].buttons[0].new_link|posts.2221.acf.sections_new[2].columns[0].components[2].buttons[0].new_link|posts.9761.acf.sections[11].buttons[0].new_link,page.standard,pages,reference-only,0
/office-locations/,/company/offices/,8368,redirect,publish,redirect-rule,all-acf-fields,redirect,redirect:8368,redirect,redirects,redirect,0
/office/austria/,/office/austria/,4055,office,publish,unknown,all-acf-fields,post-reference,posts.2205.acf.sections_new[1].columns[2].components[0].category.single|posts.34.acf.sections_new[1].columns[1].components[3].category.single|posts.4031.acf.sections_new[1].columns[2].components[2].category.single,unknown:office,unresolved,dependency-only,0
/office/germany/,/office/germany/,4056,office,publish,unknown,all-acf-fields,post-reference,posts.2205.acf.sections_new[1].columns[4].components[0].category.single|posts.34.acf.sections_new[1].columns[1].components[4].category.single|posts.4031.acf.sections_new[1].columns[2].components[3].category.single,unknown:office,unresolved,dependency-only,0
/office/head-office/,/office/head-office/,4052,office,publish,unknown,all-acf-fields,post-reference,posts.2205.acf.sections_new[1].columns[1].components[0].category.single|posts.34.acf.sections_new[1].columns[1].components[1].category.single|posts.4031.acf.sections_new[1].columns[2].components[0].category.single,unknown:office,unresolved,dependency-only,0
/office/singapore/,/office/singapore/,4057,office,publish,unknown,all-acf-fields,post-reference,posts.2205.acf.sections_new[1].columns[3].components[0].category.single|posts.34.acf.sections_new[1].columns[1].components[2].category.single|posts.4031.acf.sections_new[1].columns[2].components[1].category.single,unknown:office,unresolved,dependency-only,0
/on-demand/,/learning-hub/,8363,redirect,publish,redirect-rule,all-acf-fields,redirect,redirect:8363,redirect,redirects,redirect,0
/on-demand/,/learning-hub/,8530,redirect,publish,redirect-rule,all-acf-fields,redirect,redirect:8530,redirect,redirects,redirect,0
/people/andreas-hoff/,/people/andreas-hoff/,2670,people,publish,unknown,all-acf-fields,canonical-corpus,scope.canonicalPostTypes.people,person.public-profile,people,included,1
/people/bobbie-lambert/,/people/bobbie-lambert/,2570,people,publish,unknown,all-acf-fields,canonical-corpus,scope.canonicalPostTypes.people,person.public-profile,people,included,1
/people/damien-oconnor/,/people/damien-oconnor/,2667,people,publish,unknown,all-acf-fields,canonical-corpus,scope.canonicalPostTypes.people,person.public-profile,people,included,1
/people/daniel-masters/,/people/daniel-masters/,4837,people,publish,unknown,all-acf-fields,canonical-corpus,scope.canonicalPostTypes.people,person.public-profile,people,included,1
/people/david-robinette/,/people/david-robinette/,10395,people,publish,unknown,all-acf-fields,canonical-corpus,scope.canonicalPostTypes.people,person.public-profile,people,included,1
/people/elliott-pickard/,/people/elliott-pickard/,2571,people,publish,unknown,all-acf-fields,canonical-corpus,scope.canonicalPostTypes.people,person.public-profile,people,included,1
/people/fuad-arohunfara/,/people/fuad-arohunfara/,4839,people,publish,unknown,all-acf-fields,canonical-corpus,scope.canonicalPostTypes.people,person.public-profile,people,included,1
/people/matthew-brief/,/people/matthew-brief/,11232,people,publish,unknown,all-acf-fields,canonical-corpus,scope.canonicalPostTypes.people,person.public-profile,people,included,0
/people/nicole-rosenberg/,/people/nicole-rosenberg/,11233,people,publish,unknown,all-acf-fields,canonical-corpus,scope.canonicalPostTypes.people,person.public-profile,people,included,0
/people/peter-conroy/,/people/peter-conroy/,2561,people,publish,unknown,all-acf-fields,canonical-corpus,scope.canonicalPostTypes.people,person.public-profile,people,included,1
/people/roshni-mistry/,/people/roshni-mistry/,4841,people,publish,unknown,all-acf-fields,canonical-corpus,scope.canonicalPostTypes.people,person.public-profile,people,included,1
/people/sean-beck/,/people/sean-beck/,2668,people,publish,unknown,all-acf-fields,canonical-corpus,scope.canonicalPostTypes.people,person.public-profile,people,included,1
/people/someone-in-careers-02/,/people/someone-in-careers-02/,4145,people,publish,unknown,all-acf-fields,canonical-corpus,scope.canonicalPostTypes.people,person.public-profile,people,included,1
/people/someone-in-careers-03/,/people/someone-in-careers-03/,4146,people,publish,unknown,all-acf-fields,canonical-corpus,scope.canonicalPostTypes.people,person.public-profile,people,included,1
/people/stephen-marcantonio/,/people/stephen-marcantonio/,2563,people,publish,unknown,all-acf-fields,canonical-corpus,scope.canonicalPostTypes.people,person.public-profile,people,included,1
/people/tmx/,/people/tmx/,9253,people,publish,unknown,all-acf-fields,canonical-corpus,scope.canonicalPostTypes.people,person.public-profile,people,included,1
/people/toby-smith/,/people/toby-smith/,4843,people,publish,unknown,all-acf-fields,canonical-corpus,scope.canonicalPostTypes.people,person.public-profile,people,included,1
/privacy-policy/,/legal/privacy-policy/,8637,redirect,publish,redirect-rule,all-acf-fields,redirect,redirect:8637,redirect,redirects,redirect,0
/product/automated-trading/,/product/automated-trading/,1883,product,publish,unknown,all-acf-fields,component-listing|post-reference,posts.1924.acf.sections_new[8].components[1]|posts.1924.acf.sections_new[8].components[1].category.specific[0]|posts.1926.acf.sections_new[6].components[1]|posts.1928.acf.sections_new[7].components[1]|posts.1930.acf.sections_new[6].components[1]|posts.1936.acf.sections_new[4].columns[0].components[1]|posts.1938.acf.sections_new[6].components[1]|posts.1940.acf.sections_new[6].components[1]|posts.1942.acf.sections_new[4].components[1]|posts.2359.acf.sections_new[4].components[1]|posts.6340.acf.sections_new[5].columns[0].components[1],unknown:product,unresolved,dependency-only,4
/product/autotrader/,/product/autotrader/,811,product,publish,unknown,all-acf-fields,component-listing|post-reference,posts.10337.acf.all-acf-fields.product|posts.1924.acf.sections_new[8].components[1]|posts.1926.acf.sections_new[6].components[1]|posts.1926.acf.sections_new[6].components[1].category.specific[2]|posts.1928.acf.sections_new[7].components[1]|posts.1930.acf.sections_new[6].components[1]|posts.1936.acf.sections_new[4].columns[0].components[1]|posts.1938.acf.sections_new[6].components[1]|posts.1940.acf.sections_new[6].components[1]|posts.1942.acf.sections_new[4].components[1]|posts.1942.acf.sections_new[4].components[1].category.specific[1]|posts.2359.acf.sections_new[4].components[1]|posts.6340.acf.sections_new[5].columns[0].components[1]|posts.8458.acf.all-acf-fields.product|posts.8461.acf.all-acf-fields.product|posts.8463.acf.all-acf-fields.product,unknown:product,unresolved,dependency-only,6
/product/broker-trading-system/,/product/broker-trading-system/,1863,product,publish,unknown,all-acf-fields,component-listing|post-reference,posts.1924.acf.sections_new[8].components[1]|posts.1926.acf.sections_new[6].components[1]|posts.1928.acf.sections_new[7].components[1]|posts.1930.acf.sections_new[6].components[1]|posts.1936.acf.sections_new[4].columns[0].components[1]|posts.1938.acf.sections_new[6].components[1]|posts.1940.acf.sections_new[6].components[1]|posts.1940.acf.sections_new[6].components[1].category.specific[0]|posts.1942.acf.sections_new[4].components[1]|posts.2359.acf.sections_new[4].components[1]|posts.4209.acf.all-acf-fields.product|posts.4213.acf.all-acf-fields.product|posts.6340.acf.sections_new[5].columns[0].components[1],unknown:product,unresolved,dependency-only,5
/product/customer-portal/,/product/customer-portal/,1861,product,publish,unknown,all-acf-fields,component-listing|post-reference,posts.1924.acf.sections_new[8].components[1]|posts.1924.acf.sections_new[8].components[1].category.specific[2]|posts.1926.acf.sections_new[6].components[1]|posts.1928.acf.sections_new[7].components[1]|posts.1928.acf.sections_new[7].components[1].category.specific[3]|posts.1930.acf.sections_new[6].components[1]|posts.1936.acf.sections_new[4].columns[0].components[1]|posts.1938.acf.sections_new[6].components[1]|posts.1940.acf.sections_new[6].components[1]|posts.1942.acf.sections_new[4].components[1]|posts.2359.acf.sections_new[4].components[1]|posts.6340.acf.sections_new[5].columns[0].components[1],unknown:product,unresolved,dependency-only,4
/product/data-analytics/,/product/data-analytics/,754,product,publish,unknown,all-acf-fields,component-listing|post-reference,posts.1924.acf.sections_new[8].components[1]|posts.1926.acf.sections_new[6].components[1]|posts.1926.acf.sections_new[6].components[1].category.specific[1]|posts.1928.acf.sections_new[7].components[1]|posts.1930.acf.sections_new[6].components[1]|posts.1936.acf.sections_new[4].columns[0].components[1]|posts.1938.acf.sections_new[6].components[1]|posts.1938.acf.sections_new[6].components[1].category.specific[2]|posts.1940.acf.sections_new[6].components[1]|posts.1940.acf.sections_new[6].components[1].category.specific[2]|posts.1942.acf.sections_new[4].components[1]|posts.1942.acf.sections_new[4].components[1].category.specific[2]|posts.2359.acf.sections_new[4].components[1]|posts.6340.acf.sections_new[5].columns[0].components[1],unknown:product,unresolved,dependency-only,5
/product/energy-market-access/,/product/energy-market-access/,1862,product,publish,unknown,all-acf-fields,component-listing,posts.1924.acf.sections_new[8].components[1]|posts.1926.acf.sections_new[6].components[1]|posts.1928.acf.sections_new[7].components[1]|posts.1930.acf.sections_new[6].components[1]|posts.1936.acf.sections_new[4].columns[0].components[1]|posts.1938.acf.sections_new[6].components[1]|posts.1940.acf.sections_new[6].components[1]|posts.1942.acf.sections_new[4].components[1]|posts.2359.acf.sections_new[4].components[1]|posts.6340.acf.sections_new[5].columns[0].components[1],unknown:product,unresolved,dependency-only,6
/product/exchange-trading-system/,/product/exchange-trading-system/,1864,product,publish,unknown,all-acf-fields,component-listing|post-reference,posts.1924.acf.sections_new[8].components[1]|posts.1926.acf.sections_new[6].components[1]|posts.1928.acf.sections_new[7].components[1]|posts.1930.acf.sections_new[6].components[1]|posts.1936.acf.sections_new[4].columns[0].components[1]|posts.1938.acf.sections_new[6].components[1]|posts.1938.acf.sections_new[6].components[1].category.specific[0]|posts.1940.acf.sections_new[6].components[1]|posts.1942.acf.sections_new[4].components[1]|posts.2359.acf.sections_new[4].components[1]|posts.4211.acf.all-acf-fields.product|posts.6340.acf.sections_new[5].columns[0].components[1],unknown:product,unresolved,dependency-only,5
/product/hosted-clearing-links/,/product/hosted-clearing-links/,5604,product,publish,unknown,all-acf-fields,component-listing,posts.1924.acf.sections_new[8].components[1]|posts.1926.acf.sections_new[6].components[1]|posts.1928.acf.sections_new[7].components[1]|posts.1930.acf.sections_new[6].components[1]|posts.1936.acf.sections_new[4].columns[0].components[1]|posts.1938.acf.sections_new[6].components[1]|posts.1940.acf.sections_new[6].components[1]|posts.1942.acf.sections_new[4].components[1]|posts.2359.acf.sections_new[4].components[1]|posts.6340.acf.sections_new[5].columns[0].components[1],unknown:product,unresolved,dependency-only,4
/product/implied-price-calculator/,/product/implied-price-calculator/,1865,product,publish,unknown,all-acf-fields,component-listing,posts.1924.acf.sections_new[8].components[1]|posts.1926.acf.sections_new[6].components[1]|posts.1928.acf.sections_new[7].components[1]|posts.1930.acf.sections_new[6].components[1]|posts.1936.acf.sections_new[4].columns[0].components[1]|posts.1938.acf.sections_new[6].components[1]|posts.1940.acf.sections_new[6].components[1]|posts.1942.acf.sections_new[4].components[1]|posts.2359.acf.sections_new[4].components[1]|posts.6340.acf.sections_new[5].columns[0].components[1],unknown:product,unresolved,dependency-only,4
/product/internal-marketplace/,/product/internal-marketplace/,1884,product,publish,unknown,all-acf-fields,component-listing|post-reference,posts.1924.acf.sections_new[8].components[1]|posts.1924.acf.sections_new[8].components[1].category.specific[1]|posts.1926.acf.sections_new[6].components[1]|posts.1928.acf.sections_new[7].components[1]|posts.1928.acf.sections_new[7].components[1].category.specific[2]|posts.1930.acf.sections_new[6].components[1]|posts.1930.acf.sections_new[6].components[1].category.specific[2]|posts.1936.acf.sections_new[4].columns[0].components[1]|posts.1938.acf.sections_new[6].components[1]|posts.1940.acf.sections_new[6].components[1]|posts.1942.acf.sections_new[4].components[1]|posts.2359.acf.sections_new[4].components[1]|posts.6340.acf.sections_new[5].columns[0].components[1],unknown:product,unresolved,dependency-only,4
/product/joule/,/product/joule/,752,product,publish,unknown,all-acf-fields,component-listing|post-reference,posts.11241.acf.all-acf-fields.product|posts.1924.acf.sections_new[8].components[1]|posts.1926.acf.sections_new[6].components[1]|posts.1926.acf.sections_new[6].components[1].category.specific[0]|posts.1928.acf.sections_new[7].components[1]|posts.1928.acf.sections_new[7].components[1].category.specific[1]|posts.1930.acf.sections_new[6].components[1]|posts.1930.acf.sections_new[6].components[1].category.specific[0]|posts.1936.acf.sections_new[4].columns[0].components[1]|posts.1936.acf.sections_new[4].columns[0].components[1].category.specific[0]|posts.1938.acf.sections_new[6].components[1]|posts.1938.acf.sections_new[6].components[1].category.specific[1]|posts.1940.acf.sections_new[6].components[1]|posts.1940.acf.sections_new[6].components[1].category.specific[1]|posts.1942.acf.sections_new[4].components[1]|posts.1942.acf.sections_new[4].components[1].category.specific[0]|posts.2359.acf.sections_new[4].components[1]|posts.3055.acf.all-acf-fields.for[0]|posts.3610.acf.all-acf-fields.product|posts.4026.acf.all-acf-fields.product|posts.4208.acf.all-acf-fields.product|posts.6340.acf.sections_new[5].columns[0].components[1]|posts.6340.acf.sections_new[5].columns[0].components[1].category.specific[0]|posts.6358.acf.all-acf-fields.product|posts.7665.acf.all-acf-fields.product|posts.8370.acf.all-acf-fields.product|posts.8450.acf.all-acf-fields.product|posts.8452.acf.all-acf-fields.product|posts.8454.acf.all-acf-fields.product,unknown:product,unresolved,dependency-only,8
/product/periotheus/,/product/periotheus/,1866,product,publish,unknown,all-acf-fields,component-listing|post-reference,posts.1924.acf.sections_new[8].components[1]|posts.1926.acf.sections_new[6].components[1]|posts.1928.acf.sections_new[7].components[1]|posts.1930.acf.sections_new[6].components[1]|posts.1936.acf.sections_new[4].columns[0].components[1]|posts.1938.acf.sections_new[6].components[1]|posts.1940.acf.sections_new[6].components[1]|posts.1942.acf.sections_new[4].components[1]|posts.2359.acf.sections_new[4].components[1]|posts.6340.acf.sections_new[5].columns[0].components[1]|posts.8465.acf.all-acf-fields.product,unknown:product,unresolved,dependency-only,4
/product/request-for-quote/,/product/request-for-quote/,9890,product,publish,unknown,all-acf-fields,component-listing|post-reference,posts.1924.acf.sections_new[8].components[1]|posts.1926.acf.sections_new[6].components[1]|posts.1928.acf.sections_new[7].components[1]|posts.1930.acf.sections_new[6].components[1]|posts.1936.acf.sections_new[4].columns[0].components[1]|posts.1938.acf.sections_new[6].components[1]|posts.1940.acf.sections_new[6].components[1]|posts.1942.acf.sections_new[4].components[1]|posts.2359.acf.sections_new[4].components[1]|posts.6340.acf.sections_new[5].columns[0].components[1]|posts.9888.acf.all-acf-fields.product,unknown:product,unresolved,dependency-only,1
/product/tradesignal/,/product/tradesignal/,753,product,publish,unknown,all-acf-fields,component-listing|post-reference,posts.11676.acf.all-acf-fields.product|posts.11681.acf.all-acf-fields.product|posts.11684.acf.all-acf-fields.product|posts.1924.acf.sections_new[8].components[1]|posts.1926.acf.sections_new[6].components[1]|posts.1928.acf.sections_new[7].components[1]|posts.1928.acf.sections_new[7].components[1].category.specific[0]|posts.1930.acf.sections_new[6].components[1]|posts.1930.acf.sections_new[6].components[1].category.specific[1]|posts.1936.acf.sections_new[4].columns[0].components[1]|posts.1936.acf.sections_new[4].columns[0].components[1].category.specific[1]|posts.1938.acf.sections_new[6].components[1]|posts.1940.acf.sections_new[6].components[1]|posts.1942.acf.sections_new[4].components[1]|posts.2359.acf.sections_new[4].components[1]|posts.3862.acf.all-acf-fields.product|posts.3889.acf.all-acf-fields.product|posts.3890.acf.all-acf-fields.product|posts.4210.acf.all-acf-fields.product|posts.4212.acf.all-acf-fields.product|posts.6340.acf.sections_new[5].columns[0].components[1]|posts.9752.acf.all-acf-fields.product,unknown:product,unresolved,dependency-only,5
/products/api-connectivity/,/products/api-connectivity/,6340,page,publish,layouts/default-new.blade.php,sections_new,navigation,options.dropdown[1].menu_block[3].menu_items[7].page_link.link,page.product,pages,included,23
/products/automated-trading/,/products/automated-trading/,2357,page,publish,layouts/default-new.blade.php,sections_new,navigation,options.dropdown[1].menu_block[2].menu_items[2].page_link.link,page.product,pages,included,4
/products/autotrader/,/products/autotrader/,1928,page,publish,layouts/default-new.blade.php,sections_new,navigation,options.dropdown[1].menu_block[2].menu_items[1].page_link.link,page.product,pages,included,35
/products/broker-trading-system/,/products/broker-trading-system/,1938,page,publish,layouts/default-new.blade.php,sections_new,navigation,options.dropdown[1].menu_block[1].menu_items[1].page_link.link,page.product,pages,included,170
/products/conformance-testing/,/products/conformance-testing/,7541,page,publish,layouts/default-new.blade.php,sections_new,navigation,options.dropdown[1].menu_block[3].menu_items[6].page_link.link,page.product,pages,included,6
/products/customer-portal/,/products/customer-portal/,1932,page,publish,layouts/default-new.blade.php,sections_new,navigation,options.dropdown[1].menu_block[3].menu_items[2].page_link.link,page.product,pages,included,10
/products/data-analytics/,/products/data-analytics/,1930,page,publish,layouts/default-new.blade.php,sections_new,banner|navigation,options.dropdown[1].menu_block[2].menu_items[4].page_link.link|posts.7597.acf.all-acf-fields.pages[1],page.product,pages,included,25
/products/end-of-day-eod-file/,/products/end-of-day-eod-file/,10140,page,publish,layouts/default-new.blade.php,sections_new,navigation,options.dropdown[1].menu_block[4].menu_items[2].page_link.link,page.product,pages,included,7
/products/energy-market-access/,/products/energy-market-access/,1934,page,publish,layouts/default-new.blade.php,sections_new,navigation,options.dropdown[1].menu_block[3].menu_items[3].page_link.link,page.product,pages,included,6
/products/exchange-connectivity/,/products/exchange-connectivity/,6773,page,publish,layouts/default-new.blade.php,sections_new,banner|navigation,options.dropdown[1].menu_block[1].menu_items[3].page_link.link|posts.11602.acf.all-acf-fields.pages[1],page.product,pages,included,154
/products/exchange-trading-system/,/products/exchange-trading-system/,1940,page,publish,layouts/default-new.blade.php,sections_new,banner|navigation,options.dropdown[1].menu_block[1].menu_items[2].page_link.link|posts.11602.acf.all-acf-fields.pages[0],page.product,pages,included,115
/products/hosted-clearing-links/,/products/hosted-clearing-links/,5277,page,publish,layouts/default-new.blade.php,sections_new,navigation,options.dropdown[1].menu_block[1].menu_items[4].page_link.link,page.product,pages,included,6
/products/implied-price-calculator/,/products/implied-price-calculator/,1936,page,publish,layouts/default-new.blade.php,sections_new,navigation,options.dropdown[1].menu_block[3].menu_items[1].page_link.link,page.product,pages,included,24
/products/internal-marketplace/,/products/internal-marketplace/,2359,page,publish,layouts/default-new.blade.php,sections_new,navigation,options.dropdown[1].menu_block[3].menu_items[4].page_link.link,page.product,pages,included,21
/products/joule/,/products/joule/,1924,page,publish,layouts/default-new.blade.php,sections_new,banner|navigation|theme-hardcoded,options.dropdown[1].menu_block[0].menu_items[1].page_link.link|posts.4362.acf.all-acf-fields.link|posts.4363.acf.all-acf-fields.link|scope.explicitIncludes.1924,page.product,pages,included,35
/products/periotheus/,/products/periotheus/,1942,page,publish,layouts/default-new.blade.php,sections_new,navigation,options.dropdown[1].menu_block[3].menu_items[9].page_link.link,page.product,pages,included,22
/products/pre-trade-controls/,/products/pre-trade-controls/,11135,page,publish,layouts/default-new.blade.php,sections_new,navigation,options.dropdown[1].menu_block[4].menu_items[3].page_link.link,page.product,pages,included,7
/products/request-for-quote/,/products/request-for-quote/,9786,page,publish,layouts/default-new.blade.php,sections_new,navigation,options.dropdown[1].menu_block[3].menu_items[5].page_link.link,page.product,pages,included,15
/products/solutions-providers/,/products/third-party-providers/,10718,redirect,publish,redirect-rule,all-acf-fields,redirect,redirect:10718,redirect,redirects,redirect,0
/products/surveillance-file/,/products/surveillance-file/,10125,page,publish,layouts/default-new.blade.php,sections_new,navigation,options.dropdown[1].menu_block[5].menu_items[1].page_link.link,page.product,pages,included,7
/products/third-party-providers/,/products/third-party-providers/,10490,page,publish,layouts/default-new.blade.php,sections_new,navigation,options.dropdown[1].menu_block[3].menu_items[8].page_link.link,page.product,pages,included,591
/products/tradesignal/,/products/tradesignal/,1926,page,publish,layouts/default-new.blade.php,sections_new,navigation,options.dropdown[1].menu_block[2].menu_items[3].page_link.link,page.product,pages,included,28
/region/asia-pacific/,/region/asia-pacific/,845,region,publish,unknown,all-acf-fields,component-listing|post-reference,posts.1898.acf.sections_new[4].columns[1].components[0]|posts.1938.acf.sections_new[2].columns[1].components[1]|posts.2203.acf.sections_new[5].columns[3].components[0]|posts.2209.acf.sections_new[3].columns[1].components[0]|posts.2209.acf.sections_new[4].components[2]|posts.2221.acf.sections_new[4].columns[1].components[2]|posts.2221.acf.sections_new[4].columns[2].components[2]|posts.2221.acf.sections_new[5].columns[0].components[1].category.specific[1]|posts.5981.acf.sections_new[6].columns[0].components[2]|posts.5981.acf.sections_new[6].columns[1].components[2]|posts.5981.acf.sections_new[7].columns[0].components[1].category.specific[1]|posts.5983.acf.sections_new[6].columns[0].components[2]|posts.5983.acf.sections_new[6].columns[1].components[2]|posts.6773.acf.sections_new[1].columns[0].components[2],unknown:region,unresolved,dependency-only,1
/region/europe/,/region/europe/,844,region,publish,unknown,all-acf-fields,component-listing|post-reference,posts.1898.acf.sections_new[4].columns[1].components[0]|posts.1938.acf.sections_new[2].columns[1].components[1]|posts.2203.acf.sections_new[5].columns[3].components[0]|posts.2209.acf.sections_new[3].columns[1].components[0]|posts.2209.acf.sections_new[4].components[2]|posts.2221.acf.sections_new[4].columns[1].components[2]|posts.2221.acf.sections_new[4].columns[2].components[2]|posts.2221.acf.sections_new[5].columns[0].components[1].category.specific[0]|posts.5981.acf.sections_new[6].columns[0].components[2]|posts.5981.acf.sections_new[6].columns[1].components[2]|posts.5983.acf.sections_new[6].columns[0].components[2]|posts.5983.acf.sections_new[6].columns[1].components[2]|posts.5983.acf.sections_new[7].columns[0].components[1].category.specific[0]|posts.6773.acf.sections_new[1].columns[0].components[2],unknown:region,unresolved,dependency-only,1
/region/north-america/,/region/north-america/,843,region,publish,unknown,all-acf-fields,component-listing|post-reference,posts.1898.acf.sections_new[4].columns[1].components[0]|posts.1938.acf.sections_new[2].columns[1].components[1]|posts.2203.acf.sections_new[5].columns[3].components[0]|posts.2209.acf.sections_new[3].columns[1].components[0]|posts.2209.acf.sections_new[4].components[2]|posts.2221.acf.sections_new[4].columns[1].components[2]|posts.2221.acf.sections_new[4].columns[2].components[2]|posts.5981.acf.sections_new[6].columns[0].components[2]|posts.5981.acf.sections_new[6].columns[1].components[2]|posts.5981.acf.sections_new[7].columns[0].components[1].category.specific[0]|posts.5983.acf.sections_new[6].columns[0].components[2]|posts.5983.acf.sections_new[6].columns[1].components[2]|posts.5983.acf.sections_new[7].columns[0].components[1].category.specific[1]|posts.6773.acf.sections_new[1].columns[0].components[2],unknown:region,unresolved,dependency-only,1
/regions/,/regions/europe/,8877,redirect,publish,redirect-rule,all-acf-fields,redirect,redirect:8877,redirect,redirects,redirect,0
/regions/asia-pacific/,/regions/asia-pacific/,5983,page,publish,layouts/default-new.blade.php,sections_new,footer|navigation,options.dropdown[3].menu_block[3].menu_items[0].link|options.footer_new.menu_block[1].menu_items[4].page_link.link,page.standard,pages,included,331
/regions/asia-pacific/japan-power/,/regions/asia-pacific/japan-power/,10904,page,publish,layouts/default-new.blade.php,sections_new,reference-only,posts.5983.acf.sections_new[2].columns[3].components[1].buttons[0].new_link,page.standard,pages,reference-only,0
/regions/europe/,/regions/europe/,5981,page,publish,layouts/default-new.blade.php,sections_new,footer|navigation,options.dropdown[3].menu_block[2].menu_items[0].link|options.footer_new.menu_block[1].menu_items[2].page_link.link,page.standard,pages,included,329
/regions/north-america/,/regions/north-america/,2221,page,publish,layouts/default-new.blade.php,sections_new,footer|navigation,options.dropdown[3].menu_block[1].menu_items[0].link|options.footer_new.menu_block[1].menu_items[3].page_link.link,page.standard,pages,included,315
/request-a-demo-north-america/,/request-a-demo-north-america/,6172,page,publish,layouts/default-new.blade.php,sections_new,reference-only,posts.9761.acf.sections[11].buttons[2].new_link,page.standard,pages,reference-only,0
/request-a-demo/,/request-a-demo/,4031,page,publish,layouts/default-new.blade.php,sections_new,navigation|theme-hardcoded,options.dropdown[4].menu_block[3].menu_items[2].page_link.link|scope.explicitIncludes.4031,redirect.temporary-contact,redirects,included,5
/resources/commodities-report/,/resources/commodities-report/,2233,page,publish,layouts/default-new.blade.php,sections_new,excluded,options.dropdown[4].menu_block[0].menu_items[5].page_link.link|posts.10324.acf.sections[17].buttons[0].new_link,page.standard,pages,excluded,0
/resources/events/,/resources/events/,9246,page,publish,layouts/articles-list.blade.php,sections_new,navigation,options.dropdown[4].menu_block[1].menu_items[2].page_link.link,page.content-index,pages,included,92
/resources/faqs/,/resources/faqs/,7609,page,publish,layouts/default-new.blade.php,sections_new,public-navigation-override,scope.explicitIncludes.7609,page.standard,pages,included,1
/resources/insights/,/resources/insights/,9248,page,publish,layouts/articles-list.blade.php,sections_new,navigation,options.dropdown[4].menu_block[1].menu_items[3].page_link.link,page.content-index,pages,included,91
/resources/lifecycle-information/,/resources/lifecycle-information/,4028,page,publish,layouts/default-new.blade.php,sections_new,banner|navigation,options.dropdown[4].menu_block[0].menu_items[4].page_link.link|posts.4363.acf.all-acf-fields.pages[1],page.standard,pages,included,12
/resources/market-matrix/,/resources/market-matrix/,2231,page,publish,layouts/market-matrix.blade.php,sections_new,footer|navigation,options.dropdown[4].menu_block[0].menu_items[2].page_link.link|options.footer_new.menu_block[1].menu_items[1].page_link.link,page.interactive-market-matrix,pages,included,138
/resources/markets-map/,/resources/markets-map/,5920,page,publish,layouts/default-new.blade.php,sections_new,navigation,options.dropdown[3].menu_block[0].menu_items[0].link|options.dropdown[4].menu_block[0].menu_items[3].page_link.link,page.standard,pages,included,9
/resources/news-events-insights/,/resources/news-events-insights/,2235,page,publish,layouts/articles-list.blade.php,sections_new,navigation,options.dropdown[4].menu_block[1].menu_items[0].link,page.content-index,pages,included,92
/resources/news/,/resources/news/,9244,page,publish,layouts/articles-list.blade.php,sections_new,navigation,options.dropdown[4].menu_block[1].menu_items[1].page_link.link,page.content-index,pages,included,91
/stats-group/career-page-stats/,/stats-group/career-page-stats/,3838,stats-group,publish,unknown,all-acf-fields,post-reference,posts.11475.acf.sections_new[0].hero.new_content.stats_group,unknown:stats-group,unresolved,dependency-only,0
/stats-group/test-stats-group/,/stats-group/test-stats-group/,3055,stats-group,publish,unknown,all-acf-fields,post-reference,posts.1898.acf.sections_new[0].hero.new_content.stats_group|posts.1924.acf.sections_new[0].hero.new_content.stats_group|posts.1930.acf.sections_new[0].hero.new_content.stats_group|posts.1938.acf.sections_new[0].hero.new_content.stats_group|posts.1940.acf.sections_new[0].hero.new_content.stats_group|posts.2203.acf.sections_new[4].columns[0].components[1].stats_group|posts.2211.acf.sections_new[0].hero.new_content.stats_group|posts.2211.acf.sections_new[1].columns[3].components[0].stats_group,unknown:stats-group,unresolved,dependency-only,1
/tax-strategy/,/legal/tax-strategy/,8638,redirect,publish,redirect-rule,all-acf-fields,redirect,redirect:8638,redirect,redirects,redirect,0
/terms-of-use-disclaimer/,/terms-of-use-disclaimer/,7585,page,publish,layouts/default-new.blade.php,sections_new,footer,options.footer_new.menu_block[2].menu_items[3].page_link.link,page.legal,pages,included,5
/test-redirect/,/products/tradesignal/,2323,redirect,publish,redirect-rule,all-acf-fields,redirect,redirect:2323,redirect,redirects,redirect,0
/third-party/,unknown,8360,redirect,publish,redirect-rule,all-acf-fields,redirect,redirect:8360,redirect,redirects,redirect,0
/traders/,/product/joule/,8628,redirect,publish,redirect-rule,all-acf-fields,redirect,redirect:8628,redirect,redirects,redirect,0
/traders/automated-trading/,/products/automated-trading/,8346,redirect,publish,redirect-rule,all-acf-fields,redirect,redirect:8346,redirect,redirects,redirect,0
/traders/autotrader/,/products/autotrader/,8345,redirect,publish,redirect-rule,all-acf-fields,redirect,redirect:8345,redirect,redirects,redirect,0
/traders/conformance-testing/,/products/conformance-testing/,8350,redirect,publish,redirect-rule,all-acf-fields,redirect,redirect:8350,redirect,redirects,redirect,0
/traders/customer-portal/,/products/customer-portal/,8347,redirect,publish,redirect-rule,all-acf-fields,redirect,redirect:8347,redirect,redirects,redirect,0
/traders/data-analytics/,/products/data-analytics/,8343,redirect,publish,redirect-rule,all-acf-fields,redirect,redirect:8343,redirect,redirects,redirect,0
/traders/implied-price-calculator/,/products/implied-price-calculator/,8349,redirect,publish,redirect-rule,all-acf-fields,redirect,redirect:8349,redirect,redirects,redirect,0
/traders/internal-marketplace/,/products/internal-marketplace/,8348,redirect,publish,redirect-rule,all-acf-fields,redirect,redirect:8348,redirect,redirects,redirect,0
/traders/joule/,/products/joule/,8339,redirect,publish,redirect-rule,all-acf-fields,redirect,redirect:8339,redirect,redirects,redirect,0
/traders/tradesignal/,/products/tradesignal/,8344,redirect,publish,redirect-rule,all-acf-fields,redirect,redirect:8344,redirect,redirects,redirect,0
/traders/tradesignal/equilla/,/products/tradesignal/,8900,redirect,publish,redirect-rule,all-acf-fields,redirect,redirect:8900,redirect,redirects,redirect,0
/venue/,/venue/,,virtual,publish,virtual,synthetic-route,navigation,options.dropdown[4].menu_block[2].menu_items[1].page_link.link,index.venue,venues,included,0
/venue/42-financial/,/venue/42-financial/,1394,venue,publish,unknown,all-acf-fields,listing-item,scope.listingRules.market-matrix-template,venue.public-detail,venues,included,23
/venue/abaxx/,/venue/abaxx/,10753,venue,publish,unknown,all-acf-fields,listing-item,scope.listingRules.market-matrix-template,venue.public-detail,venues,included,7
/venue/acx-aircarbon-exchange/,/venue/acx-aircarbon-exchange/,3348,venue,publish,unknown,all-acf-fields,listing-item,scope.listingRules.market-matrix-template,venue.public-detail,venues,included,3
/venue/aemo/,/venue/aemo/,3349,venue,publish,unknown,all-acf-fields,listing-item,scope.listingRules.market-matrix-template,venue.public-detail,venues,included,2
/venue/arrow-ship-broking/,/venue/arrow-ship-broking/,8669,venue,publish,unknown,all-acf-fields,listing-item,scope.listingRules.market-matrix-template,venue.public-detail,venues,included,2
/venue/balkan-gas-hub/,/venue/balkan-gas-hub/,3350,venue,publish,unknown,all-acf-fields,listing-item,scope.listingRules.market-matrix-template,venue.public-detail,venues,included,2
/venue/bgc-partners/,/venue/bgc-partners/,2516,venue,publish,unknown,all-acf-fields,listing-item,scope.listingRules.market-matrix-template,venue.public-detail,venues,included,27
/venue/bme-clearing/,/venue/bme-clearing/,3381,venue,publish,unknown,all-acf-fields,listing-item,scope.listingRules.market-matrix-template,venue.public-detail,venues,included,2
/venue/braemar-securities-ltd/,/venue/braemar-securities-ltd/,2515,venue,publish,unknown,all-acf-fields,listing-item,scope.listingRules.market-matrix-template,venue.public-detail,venues,included,20
/venue/bright-point-international/,/venue/bright-point-international/,2517,venue,publish,unknown,all-acf-fields,listing-item,scope.listingRules.market-matrix-template,venue.public-detail,venues,included,3
/venue/bulgarian-energy-trading-platform/,/venue/bulgarian-energy-trading-platform/,3351,venue,publish,unknown,all-acf-fields,listing-item,scope.listingRules.market-matrix-template,venue.public-detail,venues,included,2
/venue/ceegex/,/venue/ceegex/,3353,venue,publish,unknown,all-acf-fields,listing-item,scope.listingRules.market-matrix-template,venue.public-detail,venues,included,2
/venue/cimd/,/venue/cimd/,2518,venue,publish,unknown,all-acf-fields,listing-item,scope.listingRules.market-matrix-template,venue.public-detail,venues,included,18
/venue/clarksons/,/venue/clarksons/,2521,venue,publish,unknown,all-acf-fields,listing-item,scope.listingRules.market-matrix-template,venue.public-detail,venues,included,3
/venue/cme-clearport/,/venue/cme-clearport/,3373,venue,publish,unknown,all-acf-fields,listing-item,scope.listingRules.market-matrix-template,venue.public-detail,venues,included,25
/venue/cme-group/,/venue/cme-group/,3368,venue,publish,unknown,all-acf-fields,listing-item,scope.listingRules.market-matrix-template,venue.public-detail,venues,included,14
/venue/ecc/,/venue/ecc/,3374,venue,publish,unknown,all-acf-fields,listing-item,scope.listingRules.market-matrix-template,venue.public-detail,venues,included,30
/venue/eex-spot-incl-cegh-and-gpn/,/venue/eex-spot-incl-cegh-and-gpn/,3352,venue,publish,unknown,all-acf-fields,listing-item,scope.listingRules.market-matrix-template,venue.public-detail,venues,included,12
/venue/eex/,/venue/eex/,3363,venue,publish,unknown,all-acf-fields,listing-item,scope.listingRules.market-matrix-template,venue.public-detail,venues,included,39
/venue/enechain/,/venue/enechain/,2522,venue,publish,unknown,all-acf-fields,listing-item,scope.listingRules.market-matrix-template,venue.public-detail,venues,included,5
/venue/epex-spot/,/venue/epex-spot/,4381,venue,publish,unknown,all-acf-fields,listing-item,scope.listingRules.market-matrix-template,venue.public-detail,venues,included,10
/venue/epex/,/venue/epex/,3364,venue,publish,unknown,all-acf-fields,listing-item,scope.listingRules.market-matrix-template,venue.public-detail,venues,included,9
/venue/euronexrt/,/venue/euronexrt/,9780,venue,publish,unknown,all-acf-fields,listing-item,scope.listingRules.market-matrix-template,venue.public-detail,venues,included,2
/venue/euronext/,/venue/euronext/,9778,venue,publish,unknown,all-acf-fields,listing-item,scope.listingRules.market-matrix-template,venue.public-detail,venues,included,2
/venue/evolution/,/venue/evolution/,2523,venue,publish,unknown,all-acf-fields,listing-item,scope.listingRules.market-matrix-template,venue.public-detail,venues,included,22
/venue/fis/,/venue/fis/,2524,venue,publish,unknown,all-acf-fields,listing-item,scope.listingRules.market-matrix-template,venue.public-detail,venues,included,4
/venue/gfi/,/venue/gfi/,2525,venue,publish,unknown,all-acf-fields,listing-item,scope.listingRules.market-matrix-template,venue.public-detail,venues,included,43
/venue/global-commodities/,/venue/global-commodities/,2527,venue,publish,unknown,all-acf-fields,listing-item,scope.listingRules.market-matrix-template,venue.public-detail,venues,included,7
/venue/global-ore/,/venue/global-ore/,3347,venue,publish,unknown,all-acf-fields,listing-item,scope.listingRules.market-matrix-template,venue.public-detail,venues,included,2
/venue/gme/,/venue/gme/,3360,venue,publish,unknown,all-acf-fields,listing-item,scope.listingRules.market-matrix-template,venue.public-detail,venues,included,3
/venue/gmg-brokers-europe-b-v/,/venue/gmg-brokers-europe-b-v/,9263,venue,publish,unknown,all-acf-fields,listing-item,scope.listingRules.market-matrix-template,venue.public-detail,venues,included,29
/venue/griffin-markets/,/venue/griffin-markets/,2528,venue,publish,unknown,all-acf-fields,listing-item,scope.listingRules.market-matrix-template,venue.public-detail,venues,included,29
/venue/ibex/,/venue/ibex/,3355,venue,publish,unknown,all-acf-fields,listing-item,scope.listingRules.market-matrix-template,venue.public-detail,venues,included,2
/venue/icap/,/venue/icap/,2529,venue,publish,unknown,all-acf-fields,listing-item,scope.listingRules.market-matrix-template,venue.public-detail,venues,included,44
/venue/ice-clear-europe/,/venue/ice-clear-europe/,3376,venue,publish,unknown,all-acf-fields,listing-item,scope.listingRules.market-matrix-template,venue.public-detail,venues,included,21
/venue/ice-endex/,/venue/ice-endex/,3365,venue,publish,unknown,all-acf-fields,listing-item,scope.listingRules.market-matrix-template,venue.public-detail,venues,included,18
/venue/intercontinental-exchange-ice/,/venue/intercontinental-exchange-ice/,3366,venue,publish,unknown,all-acf-fields,listing-item,scope.listingRules.market-matrix-template,venue.public-detail,venues,included,7
/venue/link/,/venue/link/,8672,venue,publish,unknown,all-acf-fields,listing-item,scope.listingRules.market-matrix-template,venue.public-detail,venues,included,2
/venue/make/,/venue/make/,2530,venue,publish,unknown,all-acf-fields,listing-item,scope.listingRules.market-matrix-template,venue.public-detail,venues,included,2
/venue/marex-spectron/,/venue/marex-spectron/,2531,venue,publish,unknown,all-acf-fields,listing-item,scope.listingRules.market-matrix-template,venue.public-detail,venues,included,42
/venue/meff-power/,/venue/meff-power/,3377,venue,publish,unknown,all-acf-fields,listing-item,scope.listingRules.market-matrix-template,venue.public-detail,venues,included,2
/venue/mibgas/,/venue/mibgas/,3362,venue,publish,unknown,all-acf-fields,listing-item,scope.listingRules.market-matrix-template,venue.public-detail,venues,included,5
/venue/montel-marketplace/,/venue/montel-marketplace/,3369,venue,publish,unknown,all-acf-fields,listing-item,scope.listingRules.market-matrix-template,venue.public-detail,venues,included,2
/venue/mysteel/,/venue/mysteel/,2532,venue,publish,unknown,all-acf-fields,listing-item,scope.listingRules.market-matrix-template,venue.public-detail,venues,included,2
/venue/nasdaq-commodities-europe/,/venue/nasdaq-commodities-europe/,3361,venue,publish,unknown,all-acf-fields,listing-item,scope.listingRules.market-matrix-template,venue.public-detail,venues,included,1
/venue/nasdaq-omx/,/venue/nasdaq-omx/,3378,venue,publish,unknown,all-acf-fields,listing-item,scope.listingRules.market-matrix-template,venue.public-detail,venues,included,1
/venue/nodal/,/venue/nodal/,3370,venue,publish,unknown,all-acf-fields,listing-item,scope.listingRules.market-matrix-template,venue.public-detail,venues,included,6
/venue/nordpool/,/venue/nordpool/,4382,venue,publish,unknown,all-acf-fields,listing-item,scope.listingRules.market-matrix-template,venue.public-detail,venues,included,10
/venue/oil-brokerage/,/venue/oil-brokerage/,2533,venue,publish,unknown,all-acf-fields,listing-item,scope.listingRules.market-matrix-template,venue.public-detail,venues,included,7
/venue/omiclear/,/venue/omiclear/,3379,venue,publish,unknown,all-acf-fields,listing-item,scope.listingRules.market-matrix-template,venue.public-detail,venues,included,4
/venue/omip/,/venue/omip/,3356,venue,publish,unknown,all-acf-fields,listing-item,scope.listingRules.market-matrix-template,venue.public-detail,venues,included,6
/venue/opcom/,/venue/opcom/,3357,venue,publish,unknown,all-acf-fields,listing-item,scope.listingRules.market-matrix-template,venue.public-detail,venues,included,3
/venue/otcex/,/venue/otcex/,2535,venue,publish,unknown,all-acf-fields,listing-item,scope.listingRules.market-matrix-template,venue.public-detail,venues,included,17
/venue/pvm/,/venue/pvm/,2536,venue,publish,unknown,all-acf-fields,listing-item,scope.listingRules.market-matrix-template,venue.public-detail,venues,included,3
/venue/romanian-commodities/,/venue/romanian-commodities/,8675,venue,publish,unknown,all-acf-fields,listing-item,scope.listingRules.market-matrix-template,venue.public-detail,venues,included,4
/venue/singapore-exchange-derivatives-clearing/,/venue/singapore-exchange-derivatives-clearing/,3380,venue,publish,unknown,all-acf-fields,listing-item,scope.listingRules.market-matrix-template,venue.public-detail,venues,included,5
/venue/ssy/,/venue/ssy/,2538,venue,publish,unknown,all-acf-fields,listing-item,scope.listingRules.market-matrix-template,venue.public-detail,venues,included,4
/venue/the-voluntary-climate-market-place-tvcm/,/venue/the-voluntary-climate-market-place-tvcm/,3371,venue,publish,unknown,all-acf-fields,listing-item,scope.listingRules.market-matrix-template,venue.public-detail,venues,included,2
/venue/to-energy/,/venue/to-energy/,2539,venue,publish,unknown,all-acf-fields,listing-item,scope.listingRules.market-matrix-template,venue.public-detail,venues,included,2
/venue/tocom-j-energy-window/,/venue/tocom-j-energy-window/,3372,venue,publish,unknown,all-acf-fields,listing-item,scope.listingRules.market-matrix-template,venue.public-detail,venues,included,2
/venue/tradition-2/,/venue/tradition-2/,7065,venue,publish,unknown,all-acf-fields,listing-item,scope.listingRules.market-matrix-template,venue.public-detail,venues,included,3
/venue/tradition/,/venue/tradition/,2540,venue,publish,unknown,all-acf-fields,listing-item,scope.listingRules.market-matrix-template,venue.public-detail,venues,included,42
/venue/tullett-prebon/,/venue/tullett-prebon/,2542,venue,publish,unknown,all-acf-fields,listing-item,scope.listingRules.market-matrix-template,venue.public-detail,venues,included,43
/venue/vanir-global-markets/,/venue/vanir-global-markets/,2543,venue,publish,unknown,all-acf-fields,listing-item,scope.listingRules.market-matrix-template,venue.public-detail,venues,included,2
/venue/velocity-trade-capital/,/venue/velocity-trade-capital/,4374,venue,publish,unknown,all-acf-fields,listing-item,scope.listingRules.market-matrix-template,venue.public-detail,venues,included,2
/venue/yelmi/,/venue/yelmi/,8673,venue,publish,unknown,all-acf-fields,listing-item,scope.listingRules.market-matrix-template,venue.public-detail,venues,included,2
/videos/careers-working-at-trayport/,/videos/careers-working-at-trayport/,4127,videos,publish,unknown,all-acf-fields,component-listing,posts.1898.acf.sections_new[1].columns[1].components[2]|posts.9786.acf.sections_new[2].columns[1].components[0],unknown:videos,unresolved,dependency-only,2
/videos/e-world-video/,/videos/e-world-video/,3610,videos,publish,unknown,all-acf-fields,component-listing,posts.1898.acf.sections_new[1].columns[1].components[2]|posts.9786.acf.sections_new[2].columns[1].components[0],unknown:videos,unresolved,dependency-only,3
/videos/joule-connectivity/,/videos/joule-connectivity/,6358,videos,publish,unknown,all-acf-fields,component-listing,posts.1898.acf.sections_new[1].columns[1].components[2]|posts.9786.acf.sections_new[2].columns[1].components[0],unknown:videos,unresolved,dependency-only,2
/videos/joule-functionality/,/videos/joule-functionality/,7665,videos,publish,unknown,all-acf-fields,component-listing|post-reference,posts.1898.acf.sections_new[1].columns[1].components[2]|posts.1898.acf.sections_new[1].columns[1].components[2].category.single|posts.9786.acf.sections_new[2].columns[1].components[0],unknown:videos,unresolved,dependency-only,3
/videos/request-for-quote/,/videos/request-for-quote/,9888,videos,publish,unknown,all-acf-fields,component-listing|post-reference,posts.1898.acf.sections_new[1].columns[1].components[2]|posts.9786.acf.sections_new[2].columns[1].components[0]|posts.9786.acf.sections_new[2].columns[1].components[0].category.single|posts.9786.acf.sections_new[2].columns[1].components[0].category.specific[0],unknown:videos,unresolved,dependency-only,2
/videos/test-video-2/,/videos/test-video-2/,3116,videos,publish,unknown,all-acf-fields,component-listing,posts.1898.acf.sections_new[1].columns[1].components[2]|posts.9786.acf.sections_new[2].columns[1].components[0],unknown:videos,unresolved,dependency-only,3
/videos/test-video-3/,/videos/test-video-3/,3117,videos,publish,unknown,all-acf-fields,component-listing,posts.1898.acf.sections_new[1].columns[1].components[2]|posts.9786.acf.sections_new[2].columns[1].components[0],unknown:videos,unresolved,dependency-only,2
/videos/test-video/,/videos/test-video/,3109,videos,publish,unknown,all-acf-fields,component-listing,posts.1898.acf.sections_new[1].columns[1].components[2]|posts.9786.acf.sections_new[2].columns[1].components[0],unknown:videos,unresolved,dependency-only,3
/website-terms-of-use-and-disclaimer/,/legal/website-terms-of-use-disclaimer/,8634,redirect,publish,redirect-rule,all-acf-fields,redirect,redirect:8634,redirect,redirects,redirect,0
/wp-content/uploads/2025/03/2024-Gender-Pay-Gap-Report.pdf,/legal/legal-notice/,8640,redirect,publish,redirect-rule,all-acf-fields,redirect,redirect:8640,redirect,redirects,redirect,0
